scan_point,dihedral,close_range,mid_range,far_range,total,rmsd_atoms,rmsd_charges,path,x_c0,x_c1,x_c2,x_c3,x_c4,x_c5,x_c6,x_c7,x_c8,x_c9,x_c10,x_c11,x_c12,x_c13,x_c14,x_c15,x_c16,x_c17,x_c18,x_c19,x_c20,y_c0,y_c1,y_c2,y_c3,y_c4,y_c5,y_c6,y_c7,y_c8,y_c9,y_c10,y_c11,y_c12,y_c13,y_c14,y_c15,y_c16,y_c17,y_c18,y_c19,y_c20,z_c0,z_c1,z_c2,z_c3,z_c4,z_c5,z_c6,z_c7,z_c8,z_c9,z_c10,z_c11,z_c12,z_c13,z_c14,z_c15,z_c16,z_c17,z_c18,z_c19,z_c20,q_c0,q_c1,q_c2,q_c3,q_c4,q_c5,q_c6,q_c7,q_c8,q_c9,q_c10,q_c11,q_c12,q_c13,q_c14,q_c15,q_c16,q_c17,q_c18,q_c19,q_c20
0_0,-179.98648698884267,0.7963973002,0.1484056012,0.05707512087,0.3856813408,1.8039638937022157e-06,3.346364223389196e-06,../models/fbuta-f_0,0.0271984565190999,0.1028048081611539,0.375359630545491,0.0336457010611655,0.2563743936134169,0.1011331318646141,0.0297640749502886,0.090941148052978,0.0474153226095593,0.2263186640735182,0.2005791463316107,0.0344599067506492,0.034828358713431,0.0011218927728883,0.1206948398162112,0.2581489303297531,0.0923177418099373,0.1996733732285258,0.2308439914601101,0.0218175340267482,0.037160073797582,-0.0450243346213317,0.2923703842674945,-0.1822764355217214,-0.0110070913387004,-0.3289978021751243,0.1261682519451062,-0.0163093213716107,0.0397428669405846,0.0585278311054002,0.0842525704631265,0.0998850449867651,0.0064671299408491,-0.0024864713939498,0.0786092634955532,0.2419184635780349,-0.4185797386499195,0.0130189249724065,-0.5144377957588975,0.489680424657797,-5.66462349802e-05,0.0045553282255522,0.3788074081983308,0.3139069444516583,0.3124058910728139,-0.188491350409054,0.3210080346028974,0.2906848283010076,0.2435969480873001,-0.5502758555222833,-0.1987845403567878,-0.4262998675833639,-0.3289609996468594,0.42893567757119,0.0417106334445919,-0.3512905158974372,-0.1782909986819021,-0.1999453221352734,0.3959823597016032,-0.0956064304444764,-0.0748287649621866,0.184704114604868,-0.1492128205201025,0.0707249461841811,-0.3496602100029151,0.982485176169053,0.1071394941056757,-0.8194842575378962,0.3116552922920345,0.0918298459672651,0.5593901217632046,-0.9963138680841535,0.998973305317183,-0.8354521971080898,0.2899344186932475,-0.8678253524624289,0.921957007355831,-0.9704818863270434,-0.3320651923316272,0.9769593393400061,-0.1970026432733326,-0.1946060569702309,0.1283355164991325,0.123507200410904
0_1,179.98651333261662,0.8015546541,0.1673910999,0.0729267243,0.3892036521,0.2478310304447292,0.3040103666508513,../models/fbuta-f_0/0_1,0.0271984565190998,0.1028048081611538,0.3753596305454912,0.0336457010611656,0.256374393613417,0.101133131864614,0.0297640749502887,0.0909411480529779,0.0474153226095593,0.2263186640735181,0.2005791463316107,0.0344599067506493,0.0348283587134311,0.0011218927728884,0.1206948398162113,0.2581489303297531,0.0923177418099373,0.1996733732285257,0.2308439914601101,0.0218175340267482,0.0371600737975821,-0.0450243346213317,0.2923703842674946,-0.1822764355217215,-0.0110070913387004,-0.3289978021751243,0.1261682519451062,-0.0163093213716107,0.0397428669405846,0.0585278311054002,0.0842525704631264,0.0998850449867652,0.0064671299408491,-0.0024864713939498,0.0786092634955532,0.2419184635780348,-0.4185797386499195,0.0130189249724065,-0.5144377957588975,0.4896804246577969,-5.66462349801e-05,0.0045553282255522,0.3788074081983308,0.3139069444516582,0.3124058910728139,-0.188491350409054,0.3210080346028974,0.2906848283010075,0.2435969480873001,-0.5502758555222833,-0.1987845403567878,-0.4262998675833639,-0.3289609996468594,0.4289356775711899,0.0417106334445919,-0.3512905158974372,-0.178290998681902,-0.1999453221352733,0.3959823597016032,-0.0956064304444764,-0.0748287649621867,0.184704114604868,-0.1492128205201025,0.0707249461841811,-0.3496602100029151,0.982485176169053,0.1071394941056757,-0.8194842575378962,0.3116552922920345,0.0918298459672651,0.5593901217632046,-0.9963138680841535,0.998973305317183,-0.8354521971080898,0.2899344186932475,-0.8678253524624289,0.921957007355831,-0.9704818863270434,-0.3320651923316272,0.9769593393400061,-0.1970026432733326,-0.1946060569702309,0.1283355164991325,0.123507200410904
1_2,-170.0136233899349,0.8258719174,0.2089628074,0.1068111001,0.4067638739,0.2497486434783308,0.3069467738227882,../models/fbuta-f_0/1_2,0.0271984565190999,0.1028048081611538,0.375359630545491,0.0336457010611659,0.256374393613417,0.101133131864614,0.0297640749502886,0.0909411480529778,0.0474153226095593,0.226318664073518,0.2005791463316106,0.0344599067506492,0.0348283587134311,0.0011218927728884,0.1206948398162113,0.2581489303297529,0.0923177418099373,0.1996733732285258,0.2308439914601102,0.0218175340267481,0.037160073797582,-0.0450243346213317,0.2923703842674946,-0.1822764355217214,-0.0110070913387004,-0.3289978021751243,0.1261682519451062,-0.0163093213716106,0.0397428669405845,0.0585278311054002,0.0842525704631265,0.0998850449867651,0.0064671299408491,-0.0024864713939497,0.0786092634955531,0.2419184635780349,-0.4185797386499195,0.0130189249724065,-0.5144377957588976,0.489680424657797,-5.66462349801e-05,0.0045553282255523,0.3788074081983309,0.3139069444516581,0.3124058910728139,-0.1884913504090535,0.3210080346028975,0.2906848283010076,0.2435969480873001,-0.5502758555222834,-0.1987845403567877,-0.4262998675833639,-0.3289609996468594,0.4289356775711899,0.0417106334445919,-0.3512905158974373,-0.1782909986819021,-0.1999453221352734,0.3959823597016032,-0.0956064304444764,-0.0748287649621866,0.184704114604868,-0.1492128205201026,0.0707249461841811,-0.3496602100029151,0.982485176169053,0.1071394941056757,-0.8194842575378962,0.3116552922920345,0.0918298459672651,0.5593901217632046,-0.9963138680841535,0.998973305317183,-0.8354521971080898,0.2899344186932475,-0.8678253524624289,0.921957007355831,-0.9704818863270434,-0.3320651923316272,0.9769593393400061,-0.1970026432733326,-0.1946060569702309,0.1283355164991325,0.123507200410904
2_3,-160.0134069934174,0.8670571358,0.2622510655,0.1499288901,0.4354893028,0.2610414570699136,0.3215809363972463,../models/fbuta-f_0/2_3,0.0271984565191001,0.1028048081611537,0.375359630545491,0.0336457010611658,0.2563743936134169,0.101133131864614,0.0297640749502886,0.0909411480529778,0.0474153226095594,0.226318664073518,0.2005791463316106,0.0344599067506492,0.0348283587134311,0.0011218927728884,0.1206948398162113,0.2581489303297528,0.0923177418099373,0.1996733732285258,0.2308439914601101,0.021817534026748,0.0371600737975823,-0.0450243346213317,0.2923703842674946,-0.1822764355217214,-0.0110070913387004,-0.3289978021751243,0.1261682519451062,-0.0163093213716106,0.0397428669405845,0.0585278311054002,0.0842525704631264,0.0998850449867651,0.0064671299408491,-0.0024864713939498,0.0786092634955531,0.2419184635780348,-0.4185797386499195,0.0130189249724064,-0.5144377957588976,0.4896804246577969,-5.66462349801e-05,0.0045553282255523,0.3788074081983309,0.3139069444516581,0.3124058910728139,-0.1884913504090537,0.3210080346028975,0.2906848283010076,0.2435969480873002,-0.5502758555222835,-0.1987845403567876,-0.4262998675833639,-0.3289609996468593,0.4289356775711898,0.041710633444592,-0.3512905158974373,-0.178290998681902,-0.1999453221352733,0.3959823597016031,-0.0956064304444764,-0.0748287649621866,0.1847041146048682,-0.1492128205201027,0.0707249461841811,-0.3496602100029151,0.982485176169053,0.1071394941056757,-0.8194842575378962,0.3116552922920345,0.0918298459672651,0.5593901217632046,-0.9963138680841535,0.998973305317183,-0.8354521971080898,0.2899344186932475,-0.8678253524624289,0.921957007355831,-0.9704818863270434,-0.3320651923316272,0.9769593393400061,-0.1970026432733326,-0.1946060569702309,0.1283355164991325,0.123507200410904
3_4,-150.01334078795603,0.9170947982,0.3147486181,0.1947142475,0.4725826899,0.2820900669802546,0.3541924429458187,../models/fbuta-f_0/3_4,0.0271984565191002,0.1028048081611537,0.375359630545491,0.0336457010611657,0.256374393613417,0.1011331318646139,0.0297640749502887,0.0909411480529777,0.0474153226095594,0.226318664073518,0.2005791463316107,0.0344599067506492,0.034828358713431,0.0011218927728884,0.1206948398162113,0.2581489303297528,0.0923177418099373,0.1996733732285256,0.23084399146011,0.0218175340267479,0.0371600737975823,-0.0450243346213317,0.2923703842674947,-0.1822764355217213,-0.0110070913387004,-0.3289978021751243,0.1261682519451063,-0.0163093213716106,0.0397428669405846,0.0585278311054003,0.0842525704631263,0.0998850449867651,0.0064671299408491,-0.0024864713939497,0.0786092634955531,0.2419184635780347,-0.4185797386499195,0.0130189249724064,-0.5144377957588976,0.4896804246577969,-5.66462349801e-05,0.0045553282255523,0.378807408198331,0.3139069444516581,0.3124058910728139,-0.1884913504090538,0.3210080346028976,0.2906848283010076,0.2435969480873002,-0.5502758555222835,-0.1987845403567877,-0.4262998675833639,-0.3289609996468593,0.4289356775711896,0.0417106334445919,-0.3512905158974373,-0.178290998681902,-0.1999453221352732,0.3959823597016031,-0.0956064304444763,-0.0748287649621865,0.1847041146048682,-0.1492128205201026,0.0707249461841811,-0.3496602100029151,0.982485176169053,0.1071394941056757,-0.8194842575378962,0.3116552922920345,0.0918298459672651,0.5593901217632046,-0.9963138680841535,0.998973305317183,-0.8354521971080898,0.2899344186932475,-0.8678253524624289,0.921957007355831,-0.9704818863270434,-0.3320651923316272,0.9769593393400061,-0.1970026432733326,-0.1946060569702309,0.1283355164991325,0.123507200410904
4_5,-140.0134327982762,1.014041257,0.4111455317,0.2612663163,0.5442754258,0.3139611700305188,0.40133677654606187,../models/fbuta-f_0/4_5,0.0271984565191003,0.1028048081611537,0.3753596305454907,0.0336457010611658,0.2563743936134169,0.101133131864614,0.0297640749502888,0.0909411480529778,0.0474153226095594,0.226318664073518,0.2005791463316108,0.0344599067506493,0.0348283587134311,0.0011218927728884,0.1206948398162113,0.258148930329753,0.0923177418099374,0.1996733732285257,0.23084399146011,0.0218175340267479,0.0371600737975822,-0.0450243346213317,0.2923703842674947,-0.1822764355217213,-0.0110070913387003,-0.3289978021751242,0.1261682519451062,-0.0163093213716106,0.0397428669405846,0.0585278311054002,0.0842525704631264,0.099885044986765,0.0064671299408491,-0.0024864713939498,0.0786092634955532,0.2419184635780347,-0.4185797386499195,0.0130189249724065,-0.5144377957588976,0.489680424657797,-5.66462349801e-05,0.0045553282255523,0.378807408198331,0.3139069444516581,0.3124058910728137,-0.1884913504090538,0.3210080346028976,0.2906848283010077,0.2435969480873002,-0.5502758555222835,-0.1987845403567877,-0.4262998675833639,-0.3289609996468593,0.4289356775711896,0.0417106334445918,-0.3512905158974373,-0.178290998681902,-0.1999453221352733,0.3959823597016032,-0.0956064304444764,-0.0748287649621867,0.1847041146048683,-0.1492128205201026,0.0707249461841811,-0.3496602100029151,0.982485176169053,0.1071394941056757,-0.8194842575378962,0.3116552922920345,0.0918298459672651,0.5593901217632046,-0.9963138680841535,0.998973305317183,-0.8354521971080898,0.2899344186932475,-0.8678253524624289,0.921957007355831,-0.9704818863270434,-0.3320651923316272,0.9769593393400061,-0.1970026432733326,-0.1946060569702309,0.1283355164991325,0.123507200410904
5_6,-130.01341689129927,1.246999504,0.6090428471,0.3735572578,0.7070718066,0.37445832646618715,0.49491685450446965,../models/fbuta-f_0/5_6,0.0271984565191003,0.1028048081611537,0.3753596305454908,0.0336457010611658,0.2563743936134168,0.101133131864614,0.0297640749502888,0.0909411480529777,0.0474153226095595,0.2263186640735179,0.2005791463316107,0.0344599067506492,0.0348283587134311,0.0011218927728885,0.1206948398162112,0.2581489303297529,0.0923177418099373,0.1996733732285256,0.2308439914601101,0.0218175340267482,0.0371600737975822,-0.0450243346213318,0.2923703842674946,-0.1822764355217213,-0.0110070913387003,-0.3289978021751242,0.1261682519451062,-0.0163093213716106,0.0397428669405846,0.0585278311054003,0.0842525704631263,0.099885044986765,0.0064671299408491,-0.0024864713939498,0.0786092634955532,0.2419184635780346,-0.4185797386499195,0.0130189249724065,-0.5144377957588976,0.4896804246577968,-5.66462349803e-05,0.0045553282255522,0.378807408198331,0.3139069444516581,0.3124058910728139,-0.1884913504090537,0.3210080346028975,0.2906848283010077,0.2435969480873001,-0.5502758555222836,-0.1987845403567877,-0.4262998675833639,-0.3289609996468593,0.4289356775711895,0.0417106334445919,-0.3512905158974373,-0.1782909986819019,-0.1999453221352733,0.3959823597016031,-0.0956064304444763,-0.0748287649621867,0.1847041146048678,-0.1492128205201026,0.0707249461841811,-0.3496602100029151,0.982485176169053,0.1071394941056757,-0.8194842575378962,0.3116552922920345,0.0918298459672651,0.5593901217632046,-0.9963138680841535,0.998973305317183,-0.8354521971080898,0.2899344186932475,-0.8678253524624289,0.921957007355831,-0.9704818863270434,-0.3320651923316272,0.9769593393400061,-0.1970026432733326,-0.1946060569702309,0.1283355164991325,0.123507200410904
6_7,-120.01337399879714,1.716811576,0.9496557918,0.5488973514,1.008488312,0.4534110407942328,0.61513252537234,../models/fbuta-f_0/6_7,0.0271984565191003,0.1028048081611539,0.3753596305454908,0.0336457010611657,0.2563743936134167,0.101133131864614,0.0297640749502888,0.0909411480529778,0.0474153226095595,0.2263186640735179,0.2005791463316108,0.0344599067506492,0.0348283587134311,0.0011218927728884,0.1206948398162112,0.2581489303297529,0.0923177418099373,0.1996733732285257,0.2308439914601102,0.0218175340267481,0.0371600737975822,-0.0450243346213317,0.2923703842674946,-0.1822764355217213,-0.0110070913387003,-0.3289978021751242,0.1261682519451063,-0.0163093213716107,0.0397428669405845,0.0585278311054003,0.0842525704631263,0.099885044986765,0.0064671299408491,-0.0024864713939498,0.0786092634955532,0.2419184635780346,-0.4185797386499195,0.0130189249724065,-0.5144377957588975,0.4896804246577968,-5.66462349803e-05,0.0045553282255522,0.378807408198331,0.3139069444516582,0.3124058910728139,-0.1884913504090539,0.3210080346028975,0.2906848283010076,0.2435969480873,-0.5502758555222836,-0.1987845403567876,-0.4262998675833639,-0.3289609996468593,0.4289356775711896,0.0417106334445919,-0.3512905158974373,-0.1782909986819018,-0.1999453221352733,0.3959823597016031,-0.0956064304444764,-0.0748287649621868,0.184704114604868,-0.1492128205201025,0.0707249461841811,-0.3496602100029151,0.982485176169053,0.1071394941056757,-0.8194842575378962,0.3116552922920345,0.0918298459672651,0.5593901217632046,-0.9963138680841535,0.998973305317183,-0.8354521971080898,0.2899344186932475,-0.8678253524624289,0.921957007355831,-0.9704818863270434,-0.3320651923316272,0.9769593393400061,-0.1970026432733326,-0.1946060569702309,0.1283355164991325,0.123507200410904
7_8,-110.01338473707575,2.180005097,1.255263693,0.7195972885,1.2961926,0.45610612014625596,0.6245561128311565,../models/fbuta-f_0/7_8,0.0271984565191003,0.1028048081611541,0.3753596305454907,0.0336457010611657,0.2563743936134167,0.101133131864614,0.0297640749502888,0.0909411480529779,0.0474153226095594,0.2263186640735179,0.2005791463316108,0.0344599067506491,0.0348283587134312,0.0011218927728882,0.1206948398162113,0.2581489303297528,0.0923177418099373,0.1996733732285257,0.2308439914601102,0.0218175340267481,0.0371600737975822,-0.0450243346213317,0.2923703842674945,-0.1822764355217213,-0.0110070913387003,-0.3289978021751243,0.1261682519451063,-0.0163093213716109,0.0397428669405845,0.0585278311054003,0.0842525704631263,0.099885044986765,0.0064671299408491,-0.0024864713939498,0.0786092634955532,0.2419184635780346,-0.4185797386499196,0.0130189249724065,-0.5144377957588975,0.4896804246577967,-5.66462349803e-05,0.0045553282255522,0.378807408198331,0.3139069444516585,0.312405891072814,-0.1884913504090538,0.3210080346028975,0.2906848283010076,0.2435969480872997,-0.5502758555222836,-0.1987845403567876,-0.426299867583364,-0.3289609996468593,0.4289356775711894,0.0417106334445918,-0.3512905158974373,-0.1782909986819019,-0.1999453221352733,0.3959823597016031,-0.0956064304444763,-0.0748287649621869,0.184704114604868,-0.1492128205201025,0.0707249461841811,-0.3496602100029151,0.982485176169053,0.1071394941056757,-0.8194842575378962,0.3116552922920345,0.0918298459672651,0.5593901217632046,-0.9963138680841535,0.998973305317183,-0.8354521971080898,0.2899344186932475,-0.8678253524624289,0.921957007355831,-0.9704818863270434,-0.3320651923316272,0.9769593393400061,-0.1970026432733326,-0.1946060569702309,0.1283355164991325,0.123507200410904
8_9,-100.01341827563405,2.420939314,1.410331572,0.8225351118,1.455409289,0.38600738002762697,0.5213624677208363,../models/fbuta-f_0/8_9,0.0271984565191004,0.1028048081611539,0.3753596305454905,0.0336457010611657,0.2563743936134165,0.101133131864614,0.0297640749502886,0.0909411480529779,0.0474153226095593,0.2263186640735178,0.2005791463316108,0.0344599067506491,0.0348283587134312,0.0011218927728883,0.1206948398162113,0.2581489303297527,0.0923177418099371,0.1996733732285257,0.2308439914601102,0.0218175340267481,0.0371600737975823,-0.0450243346213317,0.2923703842674945,-0.1822764355217213,-0.0110070913387003,-0.3289978021751242,0.1261682519451063,-0.0163093213716109,0.0397428669405846,0.0585278311054003,0.0842525704631263,0.099885044986765,0.0064671299408491,-0.0024864713939498,0.0786092634955532,0.2419184635780346,-0.4185797386499197,0.0130189249724066,-0.5144377957588976,0.4896804246577967,-5.66462349802e-05,0.0045553282255523,0.3788074081983309,0.3139069444516583,0.3124058910728139,-0.1884913504090537,0.3210080346028976,0.2906848283010076,0.2435969480872997,-0.5502758555222838,-0.1987845403567874,-0.426299867583364,-0.3289609996468593,0.4289356775711892,0.0417106334445919,-0.3512905158974373,-0.1782909986819018,-0.1999453221352732,0.3959823597016031,-0.0956064304444763,-0.0748287649621869,0.1847041146048682,-0.1492128205201026,0.0707249461841811,-0.3496602100029151,0.982485176169053,0.1071394941056757,-0.8194842575378962,0.3116552922920345,0.0918298459672651,0.5593901217632046,-0.9963138680841535,0.998973305317183,-0.8354521971080898,0.2899344186932475,-0.8678253524624289,0.921957007355831,-0.9704818863270434,-0.3320651923316272,0.9769593393400061,-0.1970026432733326,-0.1946060569702309,0.1283355164991325,0.123507200410904
9_10,-90.0137007473482,2.520180789,1.472917678,0.8802111996,1.533977135,0.33934233823259513,0.4517585601565804,../models/fbuta-f_0/9_10,0.0271984565191005,0.1028048081611539,0.3753596305454906,0.0336457010611656,0.2563743936134165,0.101133131864614,0.0297640749502886,0.0909411480529779,0.0474153226095594,0.2263186640735179,0.2005791463316107,0.0344599067506491,0.0348283587134313,0.0011218927728883,0.1206948398162113,0.2581489303297528,0.0923177418099372,0.1996733732285256,0.2308439914601103,0.0218175340267481,0.0371600737975823,-0.0450243346213317,0.2923703842674945,-0.1822764355217213,-0.0110070913387003,-0.3289978021751242,0.1261682519451063,-0.0163093213716109,0.0397428669405846,0.0585278311054003,0.0842525704631263,0.099885044986765,0.0064671299408492,-0.0024864713939498,0.0786092634955532,0.2419184635780346,-0.4185797386499197,0.0130189249724065,-0.5144377957588976,0.4896804246577968,-5.66462349801e-05,0.0045553282255523,0.378807408198331,0.3139069444516583,0.3124058910728139,-0.1884913504090539,0.3210080346028977,0.2906848283010077,0.2435969480872996,-0.5502758555222839,-0.1987845403567872,-0.4262998675833641,-0.3289609996468594,0.4289356775711892,0.0417106334445919,-0.3512905158974373,-0.1782909986819019,-0.1999453221352733,0.3959823597016031,-0.0956064304444764,-0.0748287649621868,0.1847041146048682,-0.1492128205201027,0.0707249461841811,-0.3496602100029151,0.982485176169053,0.1071394941056757,-0.8194842575378962,0.3116552922920345,0.0918298459672651,0.5593901217632046,-0.9963138680841535,0.998973305317183,-0.8354521971080898,0.2899344186932475,-0.8678253524624289,0.921957007355831,-0.9704818863270434,-0.3320651923316272,0.9769593393400061,-0.1970026432733326,-0.1946060569702309,0.1283355164991325,0.123507200410904
10_11,-80.01347959328918,2.511907829,1.476205313,0.9050111014,1.538780474,0.29316646138331004,0.3844020588749092,../models/fbuta-f_0/10_11,0.0271984565191005,0.102804808161154,0.3753596305454908,0.0336457010611656,0.2563743936134166,0.1011331318646139,0.0297640749502885,0.0909411480529779,0.0474153226095593,0.2263186640735179,0.2005791463316108,0.0344599067506492,0.0348283587134314,0.0011218927728882,0.1206948398162113,0.2581489303297528,0.0923177418099372,0.1996733732285257,0.2308439914601103,0.021817534026748,0.0371600737975822,-0.0450243346213317,0.2923703842674946,-0.1822764355217212,-0.0110070913387003,-0.3289978021751243,0.1261682519451063,-0.0163093213716109,0.0397428669405846,0.0585278311054003,0.0842525704631262,0.099885044986765,0.0064671299408492,-0.0024864713939498,0.0786092634955532,0.2419184635780346,-0.4185797386499197,0.0130189249724065,-0.5144377957588976,0.4896804246577968,-5.66462349801e-05,0.0045553282255521,0.378807408198331,0.3139069444516584,0.3124058910728142,-0.188491350409054,0.3210080346028977,0.2906848283010077,0.2435969480872996,-0.5502758555222839,-0.1987845403567872,-0.4262998675833641,-0.3289609996468594,0.4289356775711892,0.0417106334445919,-0.3512905158974373,-0.1782909986819019,-0.1999453221352733,0.3959823597016032,-0.0956064304444764,-0.0748287649621869,0.184704114604868,-0.1492128205201027,0.0707249461841811,-0.3496602100029151,0.982485176169053,0.1071394941056757,-0.8194842575378962,0.3116552922920345,0.0918298459672651,0.5593901217632046,-0.9963138680841535,0.998973305317183,-0.8354521971080898,0.2899344186932475,-0.8678253524624289,0.921957007355831,-0.9704818863270434,-0.3320651923316272,0.9769593393400061,-0.1970026432733326,-0.1946060569702309,0.1283355164991325,0.123507200410904
11_12,-70.01330949960696,2.48484709,1.468995508,0.9195553095,1.537433388,0.2722326234862921,0.35883869479384095,../models/fbuta-f_0/11_12,0.0271984565191008,0.102804808161154,0.3753596305454907,0.0336457010611656,0.2563743936134165,0.1011331318646139,0.0297640749502886,0.0909411480529779,0.0474153226095593,0.2263186640735179,0.2005791463316106,0.0344599067506492,0.0348283587134314,0.0011218927728881,0.1206948398162112,0.2581489303297527,0.0923177418099372,0.1996733732285257,0.2308439914601103,0.021817534026748,0.0371600737975824,-0.0450243346213319,0.2923703842674945,-0.1822764355217211,-0.0110070913387003,-0.3289978021751241,0.1261682519451062,-0.016309321371611,0.0397428669405846,0.0585278311054002,0.0842525704631262,0.099885044986765,0.0064671299408492,-0.0024864713939498,0.0786092634955532,0.2419184635780345,-0.4185797386499197,0.0130189249724065,-0.5144377957588977,0.4896804246577968,-5.66462349801e-05,0.0045553282255522,0.378807408198331,0.3139069444516584,0.3124058910728142,-0.1884913504090542,0.3210080346028978,0.2906848283010078,0.2435969480872996,-0.550275855522284,-0.1987845403567871,-0.4262998675833641,-0.3289609996468595,0.4289356775711893,0.041710633444592,-0.3512905158974373,-0.178290998681902,-0.1999453221352732,0.3959823597016031,-0.0956064304444764,-0.074828764962187,0.184704114604868,-0.1492128205201026,0.0707249461841811,-0.3496602100029151,0.982485176169053,0.1071394941056757,-0.8194842575378962,0.3116552922920345,0.0918298459672651,0.5593901217632046,-0.9963138680841535,0.998973305317183,-0.8354521971080898,0.2899344186932475,-0.8678253524624289,0.921957007355831,-0.9704818863270434,-0.3320651923316272,0.9769593393400061,-0.1970026432733326,-0.1946060569702309,0.1283355164991325,0.123507200410904
12_13,-60.01334220690688,2.454477344,1.465190041,0.9266353483,1.529041431,0.2723881305152139,0.35873928380891834,../models/fbuta-f_0/12_13,0.0271984565191008,0.102804808161154,0.3753596305454909,0.0336457010611657,0.2563743936134166,0.1011331318646139,0.0297640749502885,0.090941148052978,0.0474153226095593,0.2263186640735177,0.2005791463316107,0.0344599067506492,0.0348283587134314,0.0011218927728882,0.1206948398162113,0.2581489303297528,0.0923177418099372,0.1996733732285257,0.2308439914601103,0.021817534026748,0.0371600737975824,-0.0450243346213317,0.2923703842674945,-0.1822764355217211,-0.0110070913387004,-0.3289978021751241,0.1261682519451063,-0.0163093213716109,0.0397428669405846,0.0585278311054001,0.0842525704631263,0.0998850449867651,0.0064671299408492,-0.0024864713939498,0.0786092634955532,0.2419184635780346,-0.4185797386499198,0.0130189249724065,-0.5144377957588977,0.4896804246577968,-5.66462349801e-05,0.0045553282255522,0.3788074081983309,0.3139069444516585,0.3124058910728145,-0.1884913504090538,0.3210080346028978,0.2906848283010078,0.2435969480872995,-0.550275855522284,-0.1987845403567868,-0.4262998675833641,-0.3289609996468595,0.4289356775711892,0.041710633444592,-0.3512905158974373,-0.178290998681902,-0.1999453221352732,0.395982359701603,-0.0956064304444765,-0.0748287649621871,0.1847041146048677,-0.1492128205201027,0.0707249461841811,-0.3496602100029151,0.982485176169053,0.1071394941056757,-0.8194842575378962,0.3116552922920345,0.0918298459672651,0.5593901217632046,-0.9963138680841535,0.998973305317183,-0.8354521971080898,0.2899344186932475,-0.8678253524624289,0.921957007355831,-0.9704818863270434,-0.3320651923316272,0.9769593393400061,-0.1970026432733326,-0.1946060569702309,0.1283355164991325,0.123507200410904
13_14,-50.01367164524941,2.429465445,1.463055671,0.9375584936,1.528497684,0.25391453696783406,0.336944438964379,../models/fbuta-f_0/13_14,0.0271984565191008,0.102804808161154,0.375359630545491,0.0336457010611659,0.2563743936134167,0.1011331318646138,0.0297640749502886,0.090941148052978,0.0474153226095593,0.2263186640735179,0.2005791463316106,0.0344599067506492,0.0348283587134315,0.0011218927728881,0.1206948398162114,0.258148930329753,0.0923177418099373,0.1996733732285256,0.2308439914601104,0.0218175340267481,0.0371600737975824,-0.0450243346213317,0.2923703842674945,-0.1822764355217211,-0.0110070913387004,-0.3289978021751241,0.1261682519451062,-0.0163093213716109,0.0397428669405848,0.0585278311054002,0.0842525704631263,0.0998850449867652,0.0064671299408492,-0.0024864713939498,0.0786092634955532,0.2419184635780346,-0.4185797386499199,0.0130189249724065,-0.5144377957588978,0.489680424657797,-5.66462349801e-05,0.0045553282255521,0.378807408198331,0.3139069444516585,0.3124058910728146,-0.1884913504090536,0.3210080346028978,0.2906848283010079,0.2435969480872993,-0.5502758555222839,-0.1987845403567869,-0.4262998675833642,-0.3289609996468595,0.4289356775711893,0.041710633444592,-0.3512905158974374,-0.1782909986819019,-0.1999453221352733,0.3959823597016031,-0.0956064304444765,-0.0748287649621872,0.1847041146048675,-0.1492128205201027,0.0707249461841811,-0.3496602100029151,0.982485176169053,0.1071394941056757,-0.8194842575378962,0.3116552922920345,0.0918298459672651,0.5593901217632046,-0.9963138680841535,0.998973305317183,-0.8354521971080898,0.2899344186932475,-0.8678253524624289,0.921957007355831,-0.9704818863270434,-0.3320651923316272,0.9769593393400061,-0.1970026432733326,-0.1946060569702309,0.1283355164991325,0.123507200410904
14_15,-40.013654768404976,2.419281015,1.467163973,0.9459439824,1.529920352,0.25756013236760555,0.34495654692988403,../models/fbuta-f_0/14_15,0.0271984565191009,0.102804808161154,0.3753596305454909,0.0336457010611659,0.2563743936134166,0.1011331318646138,0.0297640749502886,0.0909411480529781,0.0474153226095593,0.2263186640735177,0.2005791463316106,0.0344599067506493,0.0348283587134314,0.0011218927728881,0.1206948398162113,0.2581489303297529,0.0923177418099373,0.1996733732285256,0.2308439914601104,0.0218175340267483,0.0371600737975824,-0.0450243346213318,0.2923703842674945,-0.1822764355217211,-0.0110070913387004,-0.3289978021751241,0.1261682519451062,-0.0163093213716108,0.0397428669405848,0.0585278311054002,0.0842525704631263,0.0998850449867651,0.0064671299408491,-0.0024864713939497,0.0786092634955532,0.2419184635780346,-0.4185797386499198,0.0130189249724065,-0.5144377957588979,0.489680424657797,-5.66462349801e-05,0.004555328225552,0.378807408198331,0.3139069444516585,0.3124058910728145,-0.1884913504090537,0.3210080346028978,0.2906848283010078,0.2435969480872994,-0.550275855522284,-0.1987845403567868,-0.4262998675833642,-0.3289609996468595,0.4289356775711893,0.0417106334445919,-0.3512905158974374,-0.1782909986819019,-0.1999453221352733,0.3959823597016031,-0.0956064304444765,-0.0748287649621872,0.1847041146048675,-0.1492128205201026,0.0707249461841811,-0.3496602100029151,0.982485176169053,0.1071394941056757,-0.8194842575378962,0.3116552922920345,0.0918298459672651,0.5593901217632046,-0.9963138680841535,0.998973305317183,-0.8354521971080898,0.2899344186932475,-0.8678253524624289,0.921957007355831,-0.9704818863270434,-0.3320651923316272,0.9769593393400061,-0.1970026432733326,-0.1946060569702309,0.1283355164991325,0.123507200410904
15_16,-30.013273849264124,2.431409342,1.481544802,0.9602238862,1.548868301,0.28303348792364375,0.3793614620104613,../models/fbuta-f_0/15_16,0.0271984565191007,0.102804808161154,0.375359630545491,0.0336457010611659,0.2563743936134165,0.1011331318646138,0.0297640749502886,0.0909411480529781,0.0474153226095593,0.2263186640735176,0.2005791463316106,0.0344599067506494,0.0348283587134314,0.0011218927728881,0.1206948398162113,0.2581489303297529,0.0923177418099374,0.1996733732285256,0.2308439914601104,0.0218175340267483,0.0371600737975824,-0.0450243346213318,0.2923703842674945,-0.1822764355217211,-0.0110070913387004,-0.3289978021751241,0.1261682519451061,-0.0163093213716106,0.0397428669405849,0.0585278311054002,0.0842525704631263,0.0998850449867651,0.0064671299408491,-0.0024864713939497,0.0786092634955532,0.2419184635780346,-0.4185797386499198,0.0130189249724065,-0.5144377957588979,0.4896804246577969,-5.66462349801e-05,0.0045553282255521,0.3788074081983311,0.3139069444516586,0.3124058910728147,-0.1884913504090535,0.3210080346028977,0.2906848283010079,0.2435969480872994,-0.5502758555222841,-0.1987845403567868,-0.4262998675833642,-0.3289609996468594,0.4289356775711891,0.0417106334445919,-0.3512905158974374,-0.1782909986819018,-0.1999453221352732,0.3959823597016029,-0.0956064304444764,-0.0748287649621873,0.1847041146048674,-0.1492128205201026,0.0707249461841811,-0.3496602100029151,0.982485176169053,0.1071394941056757,-0.8194842575378962,0.3116552922920345,0.0918298459672651,0.5593901217632046,-0.9963138680841535,0.998973305317183,-0.8354521971080898,0.2899344186932475,-0.8678253524624289,0.921957007355831,-0.9704818863270434,-0.3320651923316272,0.9769593393400061,-0.1970026432733326,-0.1946060569702309,0.1283355164991325,0.123507200410904
16_17,-20.013378168589817,2.448488402,1.50448047,0.9825479071,1.581224512,0.30298419356894196,0.4050603545034868,../models/fbuta-f_0/16_17,0.0271984565191006,0.1028048081611541,0.3753596305454909,0.0336457010611659,0.2563743936134164,0.1011331318646138,0.0297640749502886,0.0909411480529781,0.0474153226095592,0.2263186640735176,0.2005791463316105,0.0344599067506495,0.0348283587134313,0.0011218927728881,0.1206948398162113,0.2581489303297528,0.0923177418099374,0.1996733732285256,0.2308439914601105,0.0218175340267483,0.0371600737975824,-0.0450243346213319,0.2923703842674945,-0.1822764355217211,-0.0110070913387005,-0.3289978021751241,0.1261682519451061,-0.0163093213716107,0.0397428669405849,0.0585278311054002,0.0842525704631263,0.0998850449867651,0.006467129940849,-0.0024864713939497,0.0786092634955532,0.2419184635780345,-0.4185797386499198,0.0130189249724065,-0.5144377957588977,0.4896804246577968,-5.66462349801e-05,0.0045553282255521,0.3788074081983311,0.3139069444516585,0.3124058910728147,-0.1884913504090535,0.3210080346028977,0.2906848283010079,0.2435969480872993,-0.5502758555222841,-0.1987845403567868,-0.4262998675833641,-0.3289609996468592,0.428935677571189,0.0417106334445918,-0.3512905158974373,-0.1782909986819018,-0.1999453221352732,0.3959823597016028,-0.0956064304444764,-0.0748287649621873,0.1847041146048674,-0.1492128205201025,0.0707249461841811,-0.3496602100029151,0.982485176169053,0.1071394941056757,-0.8194842575378962,0.3116552922920345,0.0918298459672651,0.5593901217632046,-0.9963138680841535,0.998973305317183,-0.8354521971080898,0.2899344186932475,-0.8678253524624289,0.921957007355831,-0.9704818863270434,-0.3320651923316272,0.9769593393400061,-0.1970026432733326,-0.1946060569702309,0.1283355164991325,0.123507200410904
17_18,-10.013323850155098,2.457490827,1.517046657,0.9921080194,1.597366386,0.3169618705241712,0.4233990198372478,../models/fbuta-f_0/17_18,0.0271984565191008,0.1028048081611541,0.3753596305454909,0.033645701061166,0.2563743936134165,0.1011331318646139,0.0297640749502886,0.0909411480529781,0.0474153226095593,0.2263186640735177,0.2005791463316104,0.0344599067506494,0.0348283587134313,0.0011218927728881,0.1206948398162113,0.2581489303297529,0.0923177418099374,0.199673373228526,0.2308439914601106,0.0218175340267483,0.0371600737975824,-0.0450243346213318,0.2923703842674946,-0.1822764355217211,-0.0110070913387004,-0.3289978021751241,0.1261682519451062,-0.0163093213716106,0.0397428669405849,0.0585278311054002,0.0842525704631263,0.0998850449867651,0.006467129940849,-0.0024864713939497,0.0786092634955532,0.2419184635780345,-0.4185797386499197,0.0130189249724065,-0.5144377957588978,0.4896804246577969,-5.66462349801e-05,0.004555328225552,0.3788074081983313,0.3139069444516586,0.3124058910728145,-0.1884913504090532,0.3210080346028977,0.2906848283010079,0.2435969480872993,-0.5502758555222841,-0.1987845403567868,-0.4262998675833641,-0.3289609996468594,0.4289356775711887,0.0417106334445918,-0.3512905158974373,-0.1782909986819018,-0.1999453221352732,0.3959823597016028,-0.0956064304444765,-0.0748287649621873,0.1847041146048677,-0.1492128205201026,0.0707249461841811,-0.3496602100029151,0.982485176169053,0.1071394941056757,-0.8194842575378962,0.3116552922920345,0.0918298459672651,0.5593901217632046,-0.9963138680841535,0.998973305317183,-0.8354521971080898,0.2899344186932475,-0.8678253524624289,0.921957007355831,-0.9704818863270434,-0.3320651923316272,0.9769593393400061,-0.1970026432733326,-0.1946060569702309,0.1283355164991325,0.123507200410904
18_19,-0.013375516420362672,2.450126484,1.509541256,0.9812239882,1.583216726,0.3179102453260731,0.42446589760356673,../models/fbuta-f_0/18_19,0.0271984565191009,0.1028048081611541,0.3753596305454909,0.033645701061166,0.2563743936134166,0.1011331318646139,0.0297640749502885,0.0909411480529781,0.0474153226095592,0.2263186640735177,0.2005791463316105,0.0344599067506492,0.0348283587134313,0.0011218927728882,0.1206948398162113,0.2581489303297529,0.0923177418099373,0.1996733732285261,0.2308439914601105,0.0218175340267483,0.0371600737975824,-0.0450243346213319,0.2923703842674946,-0.1822764355217211,-0.0110070913387004,-0.3289978021751241,0.1261682519451061,-0.0163093213716106,0.0397428669405849,0.0585278311054002,0.0842525704631263,0.099885044986765,0.006467129940849,-0.0024864713939497,0.0786092634955532,0.2419184635780346,-0.4185797386499196,0.0130189249724066,-0.5144377957588979,0.4896804246577969,-5.66462349801e-05,0.0045553282255521,0.3788074081983314,0.3139069444516587,0.3124058910728145,-0.1884913504090534,0.3210080346028977,0.2906848283010079,0.2435969480872993,-0.5502758555222841,-0.1987845403567867,-0.4262998675833642,-0.3289609996468595,0.4289356775711887,0.0417106334445917,-0.3512905158974374,-0.1782909986819018,-0.1999453221352732,0.3959823597016028,-0.0956064304444765,-0.0748287649621874,0.1847041146048677,-0.1492128205201026,0.0707249461841811,-0.3496602100029151,0.982485176169053,0.1071394941056757,-0.8194842575378962,0.3116552922920345,0.0918298459672651,0.5593901217632046,-0.9963138680841535,0.998973305317183,-0.8354521971080898,0.2899344186932475,-0.8678253524624289,0.921957007355831,-0.9704818863270434,-0.3320651923316272,0.9769593393400061,-0.1970026432733326,-0.1946060569702309,0.1283355164991325,0.123507200410904
19_20,9.986656580855959,2.436301704,1.4925529,0.9588252844,1.554119708,0.3022765187821494,0.4037049471523167,../models/fbuta-f_0/19_20,0.0271984565191007,0.1028048081611541,0.3753596305454909,0.0336457010611661,0.2563743936134166,0.1011331318646139,0.0297640749502885,0.0909411480529781,0.0474153226095592,0.2263186640735176,0.2005791463316104,0.0344599067506491,0.0348283587134314,0.0011218927728882,0.1206948398162113,0.2581489303297528,0.0923177418099373,0.199673373228526,0.2308439914601105,0.0218175340267483,0.0371600737975824,-0.0450243346213319,0.2923703842674947,-0.1822764355217211,-0.0110070913387004,-0.3289978021751242,0.1261682519451061,-0.0163093213716106,0.0397428669405849,0.0585278311054002,0.0842525704631262,0.099885044986765,0.006467129940849,-0.0024864713939497,0.0786092634955532,0.2419184635780345,-0.4185797386499195,0.0130189249724066,-0.5144377957588978,0.4896804246577969,-5.66462349801e-05,0.0045553282255521,0.3788074081983313,0.3139069444516587,0.3124058910728146,-0.188491350409053,0.3210080346028976,0.2906848283010078,0.2435969480872993,-0.5502758555222839,-0.1987845403567867,-0.4262998675833644,-0.3289609996468595,0.4289356775711887,0.0417106334445918,-0.3512905158974374,-0.1782909986819018,-0.1999453221352732,0.3959823597016028,-0.0956064304444764,-0.0748287649621873,0.1847041146048677,-0.1492128205201025,0.0707249461841811,-0.3496602100029151,0.982485176169053,0.1071394941056757,-0.8194842575378962,0.3116552922920345,0.0918298459672651,0.5593901217632046,-0.9963138680841535,0.998973305317183,-0.8354521971080898,0.2899344186932475,-0.8678253524624289,0.921957007355831,-0.9704818863270434,-0.3320651923316272,0.9769593393400061,-0.1970026432733326,-0.1946060569702309,0.1283355164991325,0.123507200410904
20_21,19.986570328352066,2.423738931,1.48072301,0.9417778996,1.534938038,0.2780169994668158,0.37253332761551344,../models/fbuta-f_0/20_21,0.0271984565191009,0.1028048081611541,0.375359630545491,0.0336457010611662,0.2563743936134166,0.1011331318646139,0.0297640749502884,0.0909411480529782,0.0474153226095593,0.2263186640735174,0.2005791463316102,0.0344599067506492,0.0348283587134313,0.0011218927728882,0.1206948398162113,0.2581489303297528,0.0923177418099373,0.1996733732285259,0.2308439914601105,0.0218175340267486,0.0371600737975824,-0.0450243346213319,0.2923703842674947,-0.1822764355217211,-0.0110070913387004,-0.3289978021751241,0.1261682519451061,-0.0163093213716107,0.0397428669405849,0.0585278311054002,0.0842525704631262,0.0998850449867649,0.006467129940849,-0.0024864713939497,0.0786092634955532,0.2419184635780345,-0.4185797386499194,0.0130189249724067,-0.5144377957588979,0.4896804246577969,-5.66462349802e-05,0.0045553282255521,0.3788074081983313,0.3139069444516588,0.3124058910728148,-0.188491350409053,0.3210080346028977,0.2906848283010079,0.2435969480872993,-0.5502758555222839,-0.1987845403567867,-0.4262998675833645,-0.3289609996468598,0.4289356775711887,0.0417106334445917,-0.3512905158974373,-0.1782909986819018,-0.1999453221352731,0.3959823597016028,-0.0956064304444764,-0.0748287649621874,0.1847041146048678,-0.1492128205201024,0.0707249461841811,-0.3496602100029151,0.982485176169053,0.1071394941056757,-0.8194842575378962,0.3116552922920345,0.0918298459672651,0.5593901217632046,-0.9963138680841535,0.998973305317183,-0.8354521971080898,0.2899344186932475,-0.8678253524624289,0.921957007355831,-0.9704818863270434,-0.3320651923316272,0.9769593393400061,-0.1970026432733326,-0.1946060569702309,0.1283355164991325,0.123507200410904
21_22,29.986697873839915,2.436803085,1.483816108,0.9361792015,1.537568497,0.259718267117896,0.3474076529466275,../models/fbuta-f_0/21_22,0.027198456519101,0.1028048081611542,0.375359630545491,0.0336457010611661,0.2563743936134166,0.101133131864614,0.0297640749502885,0.0909411480529782,0.0474153226095593,0.2263186640735173,0.2005791463316101,0.0344599067506493,0.0348283587134313,0.0011218927728881,0.1206948398162113,0.2581489303297528,0.0923177418099373,0.1996733732285259,0.2308439914601106,0.0218175340267485,0.0371600737975824,-0.045024334621332,0.2923703842674947,-0.1822764355217211,-0.0110070913387004,-0.3289978021751242,0.1261682519451061,-0.0163093213716107,0.0397428669405849,0.0585278311054002,0.0842525704631262,0.099885044986765,0.006467129940849,-0.0024864713939497,0.0786092634955533,0.2419184635780345,-0.4185797386499195,0.0130189249724067,-0.514437795758898,0.4896804246577971,-5.66462349802e-05,0.0045553282255521,0.3788074081983313,0.3139069444516588,0.3124058910728147,-0.1884913504090531,0.3210080346028978,0.2906848283010079,0.2435969480872993,-0.5502758555222839,-0.1987845403567867,-0.4262998675833647,-0.3289609996468598,0.4289356775711886,0.0417106334445918,-0.3512905158974373,-0.1782909986819018,-0.1999453221352731,0.3959823597016027,-0.0956064304444763,-0.0748287649621874,0.1847041146048679,-0.1492128205201025,0.0707249461841811,-0.3496602100029151,0.982485176169053,0.1071394941056757,-0.8194842575378962,0.3116552922920345,0.0918298459672651,0.5593901217632046,-0.9963138680841535,0.998973305317183,-0.8354521971080898,0.2899344186932475,-0.8678253524624289,0.921957007355831,-0.9704818863270434,-0.3320651923316272,0.9769593393400061,-0.1970026432733326,-0.1946060569702309,0.1283355164991325,0.123507200410904
22_23,39.986597478212616,2.459477701,1.490188598,0.9262335231,1.538921168,0.2563848109260618,0.34001639180534204,../models/fbuta-f_0/22_23,0.027198456519101,0.1028048081611543,0.3753596305454909,0.033645701061166,0.2563743936134166,0.1011331318646139,0.0297640749502885,0.0909411480529782,0.0474153226095593,0.2263186640735172,0.2005791463316101,0.0344599067506495,0.0348283587134315,0.0011218927728881,0.1206948398162113,0.2581489303297528,0.0923177418099373,0.1996733732285259,0.2308439914601106,0.0218175340267484,0.0371600737975823,-0.045024334621332,0.2923703842674947,-0.182276435521721,-0.0110070913387004,-0.3289978021751242,0.1261682519451061,-0.0163093213716107,0.0397428669405849,0.0585278311054002,0.0842525704631262,0.0998850449867649,0.006467129940849,-0.0024864713939497,0.0786092634955532,0.2419184635780343,-0.4185797386499195,0.0130189249724066,-0.514437795758898,0.489680424657797,-5.66462349802e-05,0.0045553282255521,0.3788074081983312,0.3139069444516588,0.3124058910728147,-0.1884913504090532,0.3210080346028977,0.290684828301008,0.2435969480872993,-0.5502758555222839,-0.1987845403567867,-0.4262998675833647,-0.3289609996468599,0.4289356775711883,0.0417106334445917,-0.3512905158974373,-0.1782909986819017,-0.1999453221352731,0.3959823597016027,-0.0956064304444763,-0.0748287649621874,0.1847041146048677,-0.1492128205201026,0.0707249461841811,-0.3496602100029151,0.982485176169053,0.1071394941056757,-0.8194842575378962,0.3116552922920345,0.0918298459672651,0.5593901217632046,-0.9963138680841535,0.998973305317183,-0.8354521971080898,0.2899344186932475,-0.8678253524624289,0.921957007355831,-0.9704818863270434,-0.3320651923316272,0.9769593393400061,-0.1970026432733326,-0.1946060569702309,0.1283355164991325,0.123507200410904
23_24,49.986615835635526,2.491139021,1.50339067,0.9255145011,1.552681312,0.25932380812267536,0.3396458669581539,../models/fbuta-f_0/23_24,0.027198456519101,0.1028048081611543,0.375359630545491,0.0336457010611661,0.2563743936134167,0.101133131864614,0.0297640749502885,0.090941148052978,0.0474153226095592,0.2263186640735172,0.2005791463316101,0.0344599067506494,0.0348283587134315,0.0011218927728881,0.1206948398162113,0.2581489303297527,0.0923177418099373,0.1996733732285258,0.2308439914601106,0.0218175340267484,0.0371600737975823,-0.0450243346213319,0.2923703842674948,-0.182276435521721,-0.0110070913387003,-0.3289978021751241,0.1261682519451062,-0.0163093213716107,0.0397428669405849,0.0585278311054002,0.0842525704631262,0.0998850449867648,0.0064671299408491,-0.0024864713939497,0.0786092634955532,0.2419184635780342,-0.4185797386499195,0.0130189249724066,-0.514437795758898,0.489680424657797,-5.66462349802e-05,0.0045553282255521,0.3788074081983312,0.3139069444516589,0.3124058910728147,-0.1884913504090533,0.3210080346028979,0.290684828301008,0.2435969480872994,-0.5502758555222835,-0.1987845403567867,-0.4262998675833647,-0.3289609996468599,0.4289356775711884,0.0417106334445917,-0.3512905158974374,-0.1782909986819017,-0.199945322135273,0.3959823597016027,-0.0956064304444762,-0.0748287649621874,0.1847041146048677,-0.1492128205201027,0.0707249461841811,-0.3496602100029151,0.982485176169053,0.1071394941056757,-0.8194842575378962,0.3116552922920345,0.0918298459672651,0.5593901217632046,-0.9963138680841535,0.998973305317183,-0.8354521971080898,0.2899344186932475,-0.8678253524624289,0.921957007355831,-0.9704818863270434,-0.3320651923316272,0.9769593393400061,-0.1970026432733326,-0.1946060569702309,0.1283355164991325,0.123507200410904
24_25,59.98663106293544,2.489120223,1.494154491,0.8995247519,1.536055913,0.285375953383589,0.3724757089002988,../models/fbuta-f_0/24_25,0.027198456519101,0.1028048081611544,0.3753596305454913,0.033645701061166,0.2563743936134167,0.1011331318646139,0.0297640749502884,0.0909411480529781,0.0474153226095592,0.2263186640735171,0.2005791463316101,0.0344599067506495,0.0348283587134316,0.001121892772888,0.1206948398162113,0.2581489303297528,0.0923177418099374,0.199673373228526,0.2308439914601106,0.0218175340267487,0.0371600737975822,-0.0450243346213318,0.2923703842674948,-0.182276435521721,-0.0110070913387003,-0.3289978021751241,0.1261682519451062,-0.016309321371611,0.039742866940585,0.0585278311054002,0.0842525704631261,0.0998850449867648,0.0064671299408491,-0.0024864713939497,0.0786092634955533,0.2419184635780343,-0.4185797386499196,0.0130189249724066,-0.5144377957588981,0.4896804246577971,-5.66462349802e-05,0.0045553282255521,0.3788074081983311,0.3139069444516591,0.3124058910728151,-0.1884913504090534,0.3210080346028979,0.2906848283010081,0.2435969480872993,-0.5502758555222834,-0.1987845403567867,-0.4262998675833646,-0.3289609996468598,0.4289356775711883,0.0417106334445917,-0.3512905158974373,-0.1782909986819016,-0.1999453221352729,0.3959823597016026,-0.0956064304444762,-0.0748287649621873,0.1847041146048678,-0.1492128205201028,0.0707249461841811,-0.3496602100029151,0.982485176169053,0.1071394941056757,-0.8194842575378962,0.3116552922920345,0.0918298459672651,0.5593901217632046,-0.9963138680841535,0.998973305317183,-0.8354521971080898,0.2899344186932475,-0.8678253524624289,0.921957007355831,-0.9704818863270434,-0.3320651923316272,0.9769593393400061,-0.1970026432733326,-0.1946060569702309,0.1283355164991325,0.123507200410904
25_26,69.98663040486674,2.461251588,1.470806588,0.8645912503,1.510230406,0.3011860831613532,0.3924563215379232,../models/fbuta-f_0/25_26,0.0271984565191011,0.1028048081611544,0.3753596305454914,0.0336457010611661,0.2563743936134167,0.1011331318646139,0.0297640749502884,0.0909411480529781,0.0474153226095592,0.2263186640735171,0.2005791463316101,0.0344599067506495,0.0348283587134315,0.001121892772888,0.1206948398162114,0.2581489303297527,0.0923177418099374,0.199673373228526,0.2308439914601105,0.0218175340267488,0.0371600737975823,-0.0450243346213318,0.2923703842674948,-0.1822764355217211,-0.0110070913387004,-0.3289978021751241,0.1261682519451062,-0.016309321371611,0.039742866940585,0.0585278311054001,0.0842525704631262,0.0998850449867647,0.006467129940849,-0.0024864713939497,0.0786092634955533,0.2419184635780343,-0.4185797386499196,0.0130189249724066,-0.514437795758898,0.489680424657797,-5.66462349802e-05,0.0045553282255522,0.3788074081983311,0.3139069444516592,0.3124058910728152,-0.1884913504090533,0.321008034602898,0.290684828301008,0.2435969480872994,-0.5502758555222835,-0.1987845403567868,-0.4262998675833646,-0.3289609996468598,0.4289356775711882,0.0417106334445917,-0.3512905158974373,-0.1782909986819016,-0.1999453221352729,0.3959823597016026,-0.0956064304444762,-0.0748287649621872,0.1847041146048679,-0.1492128205201027,0.0707249461841811,-0.3496602100029151,0.982485176169053,0.1071394941056757,-0.8194842575378962,0.3116552922920345,0.0918298459672651,0.5593901217632046,-0.9963138680841535,0.998973305317183,-0.8354521971080898,0.2899344186932475,-0.8678253524624289,0.921957007355831,-0.9704818863270434,-0.3320651923316272,0.9769593393400061,-0.1970026432733326,-0.1946060569702309,0.1283355164991325,0.123507200410904
26_27,79.98667442905163,2.36075602,1.402475334,0.8074526294,1.429701526,0.3309032303652143,0.436272718246443,../models/fbuta-f_0/26_27,0.027198456519101,0.1028048081611544,0.3753596305454913,0.0336457010611661,0.2563743936134166,0.1011331318646139,0.0297640749502884,0.090941148052978,0.0474153226095592,0.2263186640735171,0.2005791463316101,0.0344599067506494,0.0348283587134315,0.001121892772888,0.1206948398162113,0.2581489303297527,0.0923177418099375,0.1996733732285261,0.2308439914601105,0.0218175340267487,0.0371600737975823,-0.0450243346213318,0.2923703842674947,-0.182276435521721,-0.0110070913387004,-0.328997802175124,0.1261682519451062,-0.016309321371611,0.039742866940585,0.0585278311054,0.0842525704631261,0.0998850449867647,0.006467129940849,-0.0024864713939497,0.0786092634955533,0.2419184635780341,-0.4185797386499196,0.0130189249724066,-0.5144377957588981,0.489680424657797,-5.66462349803e-05,0.0045553282255521,0.3788074081983311,0.3139069444516592,0.3124058910728152,-0.1884913504090534,0.321008034602898,0.290684828301008,0.2435969480872994,-0.5502758555222835,-0.1987845403567869,-0.4262998675833645,-0.3289609996468598,0.4289356775711882,0.0417106334445918,-0.3512905158974373,-0.1782909986819015,-0.1999453221352729,0.3959823597016025,-0.0956064304444762,-0.0748287649621872,0.184704114604868,-0.1492128205201028,0.0707249461841811,-0.3496602100029151,0.982485176169053,0.1071394941056757,-0.8194842575378962,0.3116552922920345,0.0918298459672651,0.5593901217632046,-0.9963138680841535,0.998973305317183,-0.8354521971080898,0.2899344186932475,-0.8678253524624289,0.921957007355831,-0.9704818863270434,-0.3320651923316272,0.9769593393400061,-0.1970026432733326,-0.1946060569702309,0.1283355164991325,0.123507200410904
27_28,89.98661329288473,2.121852616,1.237959435,0.7025531102,1.267509245,0.38092145710757114,0.5088767743086064,../models/fbuta-f_0/27_28,0.027198456519101,0.1028048081611544,0.3753596305454912,0.0336457010611661,0.2563743936134165,0.1011331318646139,0.0297640749502885,0.090941148052978,0.0474153226095592,0.2263186640735172,0.20057914633161,0.0344599067506494,0.0348283587134315,0.0011218927728881,0.1206948398162113,0.2581489303297527,0.0923177418099375,0.1996733732285261,0.2308439914601106,0.0218175340267487,0.0371600737975822,-0.0450243346213318,0.2923703842674948,-0.182276435521721,-0.0110070913387004,-0.3289978021751239,0.1261682519451061,-0.016309321371611,0.0397428669405851,0.0585278311054001,0.0842525704631262,0.0998850449867647,0.006467129940849,-0.0024864713939497,0.0786092634955533,0.2419184635780341,-0.4185797386499196,0.0130189249724066,-0.5144377957588983,0.4896804246577971,-5.66462349803e-05,0.0045553282255521,0.378807408198331,0.3139069444516592,0.3124058910728151,-0.1884913504090535,0.321008034602898,0.2906848283010081,0.2435969480872995,-0.5502758555222835,-0.1987845403567869,-0.4262998675833645,-0.3289609996468599,0.4289356775711881,0.0417106334445919,-0.3512905158974373,-0.1782909986819015,-0.1999453221352729,0.3959823597016025,-0.0956064304444762,-0.0748287649621872,0.1847041146048681,-0.149212820520103,0.0707249461841811,-0.3496602100029151,0.982485176169053,0.1071394941056757,-0.8194842575378962,0.3116552922920345,0.0918298459672651,0.5593901217632046,-0.9963138680841535,0.998973305317183,-0.8354521971080898,0.2899344186932475,-0.8678253524624289,0.921957007355831,-0.9704818863270434,-0.3320651923316272,0.9769593393400061,-0.1970026432733326,-0.1946060569702309,0.1283355164991325,0.123507200410904
28_29,99.98662822447065,1.662081357,0.9122757397,0.5232157829,0.9720413847,0.45611259271802984,0.6215352975528671,../models/fbuta-f_0/28_29,0.0271984565191009,0.1028048081611544,0.3753596305454912,0.033645701061166,0.2563743936134167,0.101133131864614,0.0297640749502884,0.0909411480529781,0.0474153226095592,0.2263186640735173,0.20057914633161,0.0344599067506494,0.0348283587134315,0.0011218927728881,0.1206948398162112,0.2581489303297527,0.0923177418099375,0.1996733732285261,0.2308439914601106,0.0218175340267488,0.0371600737975821,-0.0450243346213319,0.2923703842674948,-0.182276435521721,-0.0110070913387004,-0.3289978021751239,0.1261682519451062,-0.0163093213716111,0.0397428669405852,0.0585278311054002,0.0842525704631262,0.0998850449867647,0.006467129940849,-0.0024864713939496,0.0786092634955533,0.2419184635780342,-0.4185797386499196,0.0130189249724066,-0.5144377957588981,0.4896804246577968,-5.66462349802e-05,0.0045553282255521,0.378807408198331,0.3139069444516592,0.3124058910728151,-0.1884913504090536,0.3210080346028981,0.2906848283010081,0.2435969480872992,-0.5502758555222834,-0.1987845403567868,-0.4262998675833645,-0.3289609996468599,0.4289356775711881,0.0417106334445919,-0.3512905158974374,-0.1782909986819015,-0.1999453221352729,0.3959823597016024,-0.0956064304444762,-0.0748287649621872,0.1847041146048677,-0.1492128205201031,0.0707249461841811,-0.3496602100029151,0.982485176169053,0.1071394941056757,-0.8194842575378962,0.3116552922920345,0.0918298459672651,0.5593901217632046,-0.9963138680841535,0.998973305317183,-0.8354521971080898,0.2899344186932475,-0.8678253524624289,0.921957007355831,-0.9704818863270434,-0.3320651923316272,0.9769593393400061,-0.1970026432733326,-0.1946060569702309,0.1283355164991325,0.123507200410904
29_30,109.98663384362818,1.200335178,0.5479922849,0.3302811982,0.6625046092,0.45652616899712234,0.6173850824728176,../models/fbuta-f_0/29_30,0.0271984565191009,0.1028048081611544,0.3753596305454913,0.033645701061166,0.2563743936134169,0.101133131864614,0.0297640749502884,0.090941148052978,0.0474153226095592,0.2263186640735172,0.20057914633161,0.0344599067506494,0.0348283587134314,0.0011218927728881,0.1206948398162112,0.2581489303297527,0.0923177418099376,0.1996733732285262,0.2308439914601106,0.0218175340267489,0.037160073797582,-0.045024334621332,0.2923703842674948,-0.1822764355217209,-0.0110070913387004,-0.328997802175124,0.1261682519451061,-0.0163093213716111,0.0397428669405851,0.0585278311054002,0.0842525704631262,0.0998850449867647,0.006467129940849,-0.0024864713939496,0.0786092634955532,0.2419184635780341,-0.4185797386499195,0.0130189249724066,-0.514437795758898,0.4896804246577969,-5.66462349802e-05,0.004555328225552,0.378807408198331,0.3139069444516594,0.3124058910728152,-0.1884913504090537,0.3210080346028981,0.2906848283010081,0.2435969480872992,-0.5502758555222835,-0.1987845403567869,-0.4262998675833644,-0.3289609996468599,0.4289356775711878,0.0417106334445919,-0.3512905158974373,-0.1782909986819015,-0.1999453221352729,0.3959823597016024,-0.0956064304444764,-0.0748287649621873,0.1847041146048675,-0.149212820520103,0.0707249461841811,-0.3496602100029151,0.982485176169053,0.1071394941056757,-0.8194842575378962,0.3116552922920345,0.0918298459672651,0.5593901217632046,-0.9963138680841535,0.998973305317183,-0.8354521971080898,0.2899344186932475,-0.8678253524624289,0.921957007355831,-0.9704818863270434,-0.3320651923316272,0.9769593393400061,-0.1970026432733326,-0.1946060569702309,0.1283355164991325,0.123507200410904
30_31,119.9865928575858,0.9779464617,0.3381068403,0.2072778057,0.5011730064,0.37723661757127935,0.4954403889584934,../models/fbuta-f_0/30_31,0.0271984565191009,0.1028048081611546,0.3753596305454915,0.0336457010611659,0.2563743936134171,0.101133131864614,0.0297640749502885,0.0909411480529779,0.0474153226095592,0.2263186640735173,0.20057914633161,0.0344599067506494,0.0348283587134314,0.0011218927728881,0.1206948398162112,0.2581489303297526,0.0923177418099375,0.1996733732285262,0.2308439914601106,0.0218175340267489,0.0371600737975823,-0.045024334621332,0.2923703842674948,-0.182276435521721,-0.0110070913387003,-0.3289978021751241,0.1261682519451061,-0.0163093213716111,0.039742866940585,0.0585278311054002,0.0842525704631262,0.0998850449867646,0.006467129940849,-0.0024864713939496,0.0786092634955532,0.2419184635780341,-0.4185797386499194,0.0130189249724066,-0.5144377957588981,0.489680424657797,-5.66462349802e-05,0.0045553282255522,0.3788074081983311,0.3139069444516596,0.3124058910728154,-0.1884913504090537,0.3210080346028981,0.2906848283010081,0.2435969480872991,-0.5502758555222834,-0.1987845403567869,-0.4262998675833645,-0.32896099964686,0.428935677571188,0.0417106334445919,-0.3512905158974373,-0.1782909986819015,-0.199945322135273,0.3959823597016026,-0.0956064304444763,-0.0748287649621873,0.1847041146048675,-0.1492128205201029,0.0707249461841811,-0.3496602100029151,0.982485176169053,0.1071394941056757,-0.8194842575378962,0.3116552922920345,0.0918298459672651,0.5593901217632046,-0.9963138680841535,0.998973305317183,-0.8354521971080898,0.2899344186932475,-0.8678253524624289,0.921957007355831,-0.9704818863270434,-0.3320651923316272,0.9769593393400061,-0.1970026432733326,-0.1946060569702309,0.1283355164991325,0.123507200410904
31_32,129.98633443324306,0.8995700966,0.2590490018,0.1512386309,0.445865661,0.3128553092414909,0.39860069735779946,../models/fbuta-f_0/31_32,0.0271984565191009,0.1028048081611546,0.3753596305454914,0.0336457010611659,0.256374393613417,0.101133131864614,0.0297640749502885,0.0909411480529779,0.0474153226095591,0.2263186640735172,0.2005791463316098,0.0344599067506493,0.0348283587134314,0.0011218927728881,0.1206948398162111,0.2581489303297525,0.0923177418099375,0.1996733732285263,0.2308439914601106,0.021817534026749,0.0371600737975826,-0.0450243346213321,0.2923703842674947,-0.1822764355217209,-0.0110070913387003,-0.3289978021751242,0.1261682519451061,-0.0163093213716112,0.0397428669405851,0.0585278311054002,0.0842525704631262,0.0998850449867646,0.006467129940849,-0.0024864713939495,0.0786092634955532,0.241918463578034,-0.4185797386499193,0.0130189249724066,-0.5144377957588981,0.489680424657797,-5.66462349801e-05,0.0045553282255523,0.3788074081983312,0.3139069444516596,0.3124058910728155,-0.1884913504090538,0.321008034602898,0.2906848283010081,0.243596948087299,-0.5502758555222834,-0.1987845403567869,-0.4262998675833644,-0.3289609996468599,0.428935677571188,0.041710633444592,-0.3512905158974373,-0.1782909986819015,-0.199945322135273,0.3959823597016025,-0.0956064304444764,-0.0748287649621873,0.1847041146048672,-0.149212820520103,0.0707249461841811,-0.3496602100029151,0.982485176169053,0.1071394941056757,-0.8194842575378962,0.3116552922920345,0.0918298459672651,0.5593901217632046,-0.9963138680841535,0.998973305317183,-0.8354521971080898,0.2899344186932475,-0.8678253524624289,0.921957007355831,-0.9704818863270434,-0.3320651923316272,0.9769593393400061,-0.1970026432733326,-0.1946060569702309,0.1283355164991325,0.123507200410904
32_33,139.98663688187366,0.860863992,0.2290441341,0.1235239655,0.4223577204,0.2840942359022206,0.35574480211862924,../models/fbuta-f_0/32_33,0.0271984565191012,0.1028048081611547,0.3753596305454915,0.0336457010611659,0.256374393613417,0.101133131864614,0.0297640749502886,0.0909411480529779,0.0474153226095592,0.2263186640735172,0.2005791463316098,0.0344599067506493,0.0348283587134313,0.0011218927728881,0.1206948398162112,0.2581489303297526,0.0923177418099375,0.1996733732285264,0.2308439914601106,0.0218175340267491,0.0371600737975827,-0.0450243346213321,0.2923703842674948,-0.1822764355217209,-0.0110070913387003,-0.3289978021751242,0.1261682519451062,-0.0163093213716112,0.0397428669405851,0.0585278311054002,0.0842525704631262,0.0998850449867646,0.006467129940849,-0.0024864713939495,0.0786092634955533,0.2419184635780341,-0.4185797386499194,0.0130189249724066,-0.5144377957588981,0.4896804246577968,-5.66462349801e-05,0.0045553282255522,0.3788074081983313,0.3139069444516598,0.3124058910728155,-0.1884913504090538,0.321008034602898,0.2906848283010081,0.2435969480872991,-0.5502758555222835,-0.1987845403567868,-0.4262998675833643,-0.3289609996468598,0.4289356775711879,0.041710633444592,-0.3512905158974372,-0.1782909986819015,-0.1999453221352729,0.3959823597016024,-0.0956064304444764,-0.0748287649621873,0.1847041146048671,-0.1492128205201031,0.0707249461841811,-0.3496602100029151,0.982485176169053,0.1071394941056757,-0.8194842575378962,0.3116552922920345,0.0918298459672651,0.5593901217632046,-0.9963138680841535,0.998973305317183,-0.8354521971080898,0.2899344186932475,-0.8678253524624289,0.921957007355831,-0.9704818863270434,-0.3320651923316272,0.9769593393400061,-0.1970026432733326,-0.1946060569702309,0.1283355164991325,0.123507200410904
33_34,149.98641747904978,0.8286206929,0.1942723007,0.09601605237,0.4042016708,0.2607659813683061,0.32138711341744525,../models/fbuta-f_0/33_34,0.0271984565191012,0.1028048081611547,0.3753596305454914,0.0336457010611659,0.256374393613417,0.1011331318646139,0.0297640749502886,0.0909411480529779,0.0474153226095592,0.2263186640735171,0.2005791463316098,0.0344599067506493,0.0348283587134313,0.0011218927728881,0.1206948398162111,0.2581489303297524,0.0923177418099374,0.1996733732285263,0.2308439914601105,0.021817534026749,0.0371600737975826,-0.0450243346213321,0.2923703842674947,-0.1822764355217208,-0.0110070913387004,-0.3289978021751241,0.1261682519451062,-0.0163093213716112,0.0397428669405851,0.0585278311054002,0.0842525704631261,0.0998850449867646,0.006467129940849,-0.0024864713939496,0.0786092634955533,0.2419184635780342,-0.4185797386499194,0.0130189249724066,-0.5144377957588981,0.4896804246577968,-5.664623498e-05,0.0045553282255522,0.3788074081983313,0.3139069444516597,0.3124058910728154,-0.1884913504090538,0.321008034602898,0.2906848283010082,0.2435969480872992,-0.5502758555222835,-0.1987845403567868,-0.4262998675833642,-0.3289609996468597,0.4289356775711877,0.041710633444592,-0.3512905158974371,-0.1782909986819014,-0.1999453221352728,0.3959823597016024,-0.0956064304444765,-0.0748287649621873,0.1847041146048672,-0.1492128205201031,0.0707249461841811,-0.3496602100029151,0.982485176169053,0.1071394941056757,-0.8194842575378962,0.3116552922920345,0.0918298459672651,0.5593901217632046,-0.9963138680841535,0.998973305317183,-0.8354521971080898,0.2899344186932475,-0.8678253524624289,0.921957007355831,-0.9704818863270434,-0.3320651923316272,0.9769593393400061,-0.1970026432733326,-0.1946060569702309,0.1283355164991325,0.123507200410904
34_35,159.986413527951,0.803992487,0.1617388135,0.06905170421,0.3891266447,0.2519997067854208,0.30913300218233103,../models/fbuta-f_0/34_35,0.0271984565191011,0.1028048081611547,0.3753596305454914,0.0336457010611659,0.256374393613417,0.101133131864614,0.0297640749502885,0.0909411480529779,0.0474153226095592,0.2263186640735171,0.2005791463316097,0.0344599067506493,0.0348283587134312,0.001121892772888,0.1206948398162111,0.2581489303297524,0.0923177418099374,0.1996733732285263,0.2308439914601104,0.021817534026749,0.0371600737975826,-0.0450243346213321,0.2923703842674947,-0.1822764355217208,-0.0110070913387003,-0.328997802175124,0.1261682519451061,-0.0163093213716111,0.0397428669405851,0.0585278311054002,0.0842525704631261,0.0998850449867646,0.006467129940849,-0.0024864713939496,0.0786092634955532,0.2419184635780341,-0.4185797386499194,0.0130189249724066,-0.5144377957588981,0.4896804246577967,-5.664623498e-05,0.0045553282255522,0.3788074081983314,0.3139069444516598,0.3124058910728154,-0.1884913504090537,0.321008034602898,0.2906848283010082,0.2435969480872993,-0.5502758555222835,-0.1987845403567869,-0.4262998675833642,-0.3289609996468599,0.4289356775711878,0.0417106334445919,-0.3512905158974372,-0.1782909986819014,-0.1999453221352729,0.3959823597016024,-0.0956064304444766,-0.0748287649621873,0.184704114604867,-0.149212820520103,0.0707249461841811,-0.3496602100029151,0.982485176169053,0.1071394941056757,-0.8194842575378962,0.3116552922920345,0.0918298459672651,0.5593901217632046,-0.9963138680841535,0.998973305317183,-0.8354521971080898,0.2899344186932475,-0.8678253524624289,0.921957007355831,-0.9704818863270434,-0.3320651923316272,0.9769593393400061,-0.1970026432733326,-0.1946060569702309,0.1283355164991325,0.123507200410904
35_36,169.98641439444984,0.7966429956,0.1474017521,0.05542531651,0.3855441056,0.24684394385491393,0.30216418314321003,../models/fbuta-f_0/35_36,0.0271984565191012,0.1028048081611547,0.3753596305454914,0.033645701061166,0.256374393613417,0.101133131864614,0.0297640749502885,0.0909411480529779,0.0474153226095592,0.2263186640735172,0.2005791463316097,0.0344599067506493,0.0348283587134312,0.001121892772888,0.1206948398162111,0.2581489303297525,0.0923177418099374,0.1996733732285264,0.2308439914601105,0.0218175340267491,0.0371600737975826,-0.0450243346213321,0.2923703842674947,-0.1822764355217208,-0.0110070913387003,-0.3289978021751241,0.1261682519451061,-0.0163093213716112,0.039742866940585,0.0585278311054002,0.0842525704631261,0.0998850449867647,0.006467129940849,-0.0024864713939496,0.0786092634955532,0.2419184635780341,-0.4185797386499193,0.0130189249724066,-0.514437795758898,0.4896804246577966,-5.664623498e-05,0.0045553282255523,0.3788074081983312,0.3139069444516598,0.3124058910728155,-0.1884913504090535,0.321008034602898,0.2906848283010082,0.2435969480872993,-0.5502758555222834,-0.198784540356787,-0.4262998675833644,-0.3289609996468599,0.428935677571188,0.041710633444592,-0.3512905158974372,-0.1782909986819015,-0.1999453221352729,0.3959823597016024,-0.0956064304444766,-0.0748287649621873,0.184704114604867,-0.1492128205201028,0.0707249461841811,-0.3496602100029151,0.982485176169053,0.1071394941056757,-0.8194842575378962,0.3116552922920345,0.0918298459672651,0.5593901217632046,-0.9963138680841535,0.998973305317183,-0.8354521971080898,0.2899344186932475,-0.8678253524624289,0.921957007355831,-0.9704818863270434,-0.3320651923316272,0.9769593393400061,-0.1970026432733326,-0.1946060569702309,0.1283355164991325,0.123507200410904
