,frame,error,x_c0,x_c1,x_c2,x_c3,x_c4,x_c5,x_c6,x_c7,x_c8,x_c9,x_c10,x_c11,y_c0,y_c1,y_c2,y_c3,y_c4,y_c5,y_c6,y_c7,y_c8,y_c9,y_c10,y_c11,z_c0,z_c1,z_c2,z_c3,z_c4,z_c5,z_c6,z_c7,z_c8,z_c9,z_c10,z_c11,q_c0,q_c1,q_c2,q_c3,q_c4,q_c5,q_c6,q_c7,q_c8,q_c9,q_c10,q_c11
0,21,0.2575538902,0.0079287712921596,0.179402953463874,0.1794324931964417,-0.4459118984364416,0.3526129356674965,-0.1675355333199635,0.1016537202375515,0.1016530231548657,-0.3997641594461189,0.0115989012405767,0.0627794724457286,0.018730892323041,2.27321039001e-05,0.2601898790719374,-0.260177629769626,4.671644157e-07,1.25540998781e-05,-5.2329763814e-06,-0.0396341166687278,0.0395711575228355,-5.7554121223e-06,-0.0190050141290683,0.0529278190964599,0.0799303495110742,-0.2675080614836174,-0.021884762418753,-0.0219313792839742,-0.214020005641588,0.1089580414835928,0.024934278256387,0.1264159846174302,0.1264213750534259,-0.0157199219602994,0.0717279830960737,0.0786365388882578,0.078738238551913,-0.6962346067787539,-0.7408607266585066,-0.7408607266585066,0.9999892493875905,0.5685639100476482,-0.024754932401173,0.1177924095813799,0.1177924095813799,0.0952179085055143,0.1183916454345027,0.0924817299794624,0.0924817299794624
1,22,0.2573707936,0.0079287712921596,0.179402953463874,0.1794324931964417,-0.4459118984364416,0.3526129356674965,-0.1675355333199635,0.1016537202375515,0.1016530231548657,-0.3997641594461189,0.0115989012405767,0.0627794724457286,0.018730892323041,2.27321039001e-05,0.2601898790719374,-0.260177629769626,4.671644157e-07,1.25540998781e-05,-5.2329763814e-06,-0.0396341166687278,0.0395711575228355,-5.7554121223e-06,-0.0190050141290683,0.0529278190964599,0.0799303495110742,-0.2675080614836174,-0.021884762418753,-0.0219313792839742,-0.214020005641588,0.1089580414835928,0.024934278256387,0.1264159846174302,0.1264213750534259,-0.0157199219602994,0.0717279830960737,0.0786365388882578,0.078738238551913,-0.6962346067787539,-0.7408607266585066,-0.7408607266585066,0.9999892493875905,0.5685639100476482,-0.024754932401173,0.1177924095813799,0.1177924095813799,0.0952179085055143,0.1183916454345027,0.0924817299794624,0.0924817299794624
2,1,0.2650262178,0.0079287712921596,0.179402953463874,0.1794324931964417,-0.4459118984364416,0.3526129356674965,-0.1675355333199635,0.1016537202375515,0.1016530231548657,-0.3997641594461189,0.0115989012405767,0.0627794724457286,0.018730892323041,2.27321039001e-05,0.2601898790719374,-0.260177629769626,4.671644157e-07,1.25540998781e-05,-5.2329763814e-06,-0.0396341166687278,0.0395711575228355,-5.7554121223e-06,-0.0190050141290683,0.0529278190964599,0.0799303495110742,-0.2675080614836174,-0.021884762418753,-0.0219313792839742,-0.214020005641588,0.1089580414835928,0.024934278256387,0.1264159846174302,0.1264213750534259,-0.0157199219602994,0.0717279830960737,0.0786365388882578,0.078738238551913,-0.6962346067787539,-0.7408607266585066,-0.7408607266585066,0.9999892493875905,0.5685639100476482,-0.024754932401173,0.1177924095813799,0.1177924095813799,0.0952179085055143,0.1183916454345027,0.0924817299794624,0.0924817299794624
3,23,0.259523383,0.0054819546864634,0.1762850087171222,0.1762985731634278,-0.447626106244115,0.3484908875205889,-0.1671425741239028,0.1000888869559692,0.100088891485381,-0.4006590210665193,0.0114272312924843,0.0613501760252197,0.0192379618554225,1.05862597097e-05,0.2580754457217831,-0.2580630499176724,1.07188526137e-05,1.09672164059e-05,-4.5213369999e-06,-0.0395394435180153,0.0394827771941219,-3.056129951e-07,-0.018737673945685,0.0527390580254016,0.0785561183828746,-0.2686193676762729,-0.0226616004262922,-0.0227150207302746,-0.2110501353486383,0.1107362229619947,0.0242047145493537,0.1270567466655,0.1270615479866258,-0.0147361841699929,0.0699218300971488,0.0783576254869887,0.0784367688318596,-0.6962346067787539,-0.7408607266585066,-0.7408607266585066,0.9999892493875905,0.5685639100476482,-0.024754932401173,0.1177924095813799,0.1177924095813799,0.0952179085055143,0.1183916454345027,0.0924817299794624,0.0924817299794624
4,2,0.2730070258,0.0102170334930902,0.1762549277577395,0.1762802359984764,-0.4467157683154311,0.3485535485302286,-0.1678389788512946,0.1019151097497689,0.1019135713043775,-0.3988918649300658,0.0120727266333386,0.0640079114187058,0.017556861505284,1.4417942609e-05,0.2580973303553444,-0.2580348305974045,4.74877272687e-05,4.24905378439e-05,-5.1582016162e-06,-0.0395261079498204,0.0394676506384707,-1.5793356763e-06,-0.0198727357784545,0.0522421961908351,0.0806785605305835,-0.2691236100448407,-0.0199333582697654,-0.0200293600128874,-0.2153521211693225,0.1078889801316074,0.0249630847439655,0.1256232773276035,0.1256302628475169,-0.0169303111939182,0.0730602586405186,0.0771201505046494,0.0772400922970006,-0.6962346067787539,-0.7408607266585066,-0.7408607266585066,0.9999892493875905,0.5685639100476482,-0.024754932401173,0.1177924095813799,0.1177924095813799,0.0952179085055143,0.1183916454345027,0.0924817299794624,0.0924817299794624
5,24,0.2629268667,0.0026636151992765,0.1732441689915004,0.1732475113021603,-0.4495934007376627,0.3443741868937534,-0.1665244346259306,0.0979317535716622,0.0979330148682442,-0.4021057151121027,0.0111477908625806,0.0597422112743936,0.0199264363538267,5.3341888744e-06,0.2560546127540368,-0.2560329369180004,1.36666691215e-05,8.8770994711e-06,-2.8895251189e-06,-0.039441263821047,0.0393948084772118,9.488836344e-07,-0.0182864891937911,0.0526706599240015,0.0770730603967714,-0.2699613781430321,-0.0232921875462281,-0.0233480349858882,-0.2078166904183964,0.1123167345737349,0.0235063062517319,0.1275057541953785,0.1275105401559611,-0.0136978329625093,0.0678766091727732,0.0783223531331541,0.0783877818423888,-0.6962346067787539,-0.7408607266585066,-0.7408607266585066,0.9999892493875905,0.5685639100476482,-0.024754932401173,0.1177924095813799,0.1177924095813799,0.0952179085055143,0.1183916454345027,0.0924817299794624,0.0924817299794624
6,3,0.283176868,0.0130120873052215,0.1733005094437937,0.1733433957032382,-0.4473230414115857,0.3442623698501774,-0.1683463634032872,0.1027326666402993,0.1027313161852736,-0.3974285615716208,0.0128816356628118,0.0654005263707607,0.0159368748698504,5.06271803626e-05,0.255994856129019,-0.2559339900820917,4.18422643138e-05,4.11157822936e-05,-2.6162555408e-06,-0.0394240738402582,0.0393558445870273,-1.10805608075e-05,-0.0211737974317903,0.0511443540277463,0.0814198821589861,-0.2702967445513608,-0.0183055904858537,-0.0184284664963531,-0.2171705467334536,0.107092563547364,0.0247997487395985,0.1255406746699658,0.1255477720229233,-0.0178138268841706,0.0750353440218972,0.0752775000671187,0.0754704279691059,-0.6962346067787539,-0.7408607266585066,-0.7408607266585066,0.9999892493875905,0.5685639100476482,-0.024754932401173,0.1177924095813799,0.1177924095813799,0.0952179085055143,0.1183916454345027,0.0924817299794624,0.0924817299794624
7,25,0.2681574969,-0.0003056860939432,0.1701650293996417,0.1701569699602676,-0.4516817879714878,0.3403996435021625,-0.165780129743524,0.0954165462961505,0.0954201954739742,-0.4038732711085873,0.0107599172493066,0.058116482882332,0.0206470533694352,-2.4282787208e-06,0.2541211452767844,-0.2540937420668128,1.38638815871e-05,8.0707321516e-06,-2.301082178e-06,-0.0393410879058931,0.03930573035752,2.2104624493e-06,-0.0176553065110323,0.0526307164012623,0.0755877504654249,-0.2714737446623292,-0.0237782388476381,-0.0238321067618148,-0.2044220811004277,0.113727162235161,0.022841253448151,0.12780658264253,0.1278119460986069,-0.0126330922343081,0.0657963044297846,0.0784269457317815,0.0784810579942358,-0.6962346067787539,-0.7408607266585066,-0.7408607266585066,0.9999892493875905,0.5685639100476482,-0.024754932401173,0.1177924095813799,0.1177924095813799,0.0952179085055143,0.1183916454345027,0.0924817299794624,0.0924817299794624
8,4,0.2926841295,0.0161573617649864,0.1705728388405313,0.1706283015284222,-0.4478551835476416,0.3397644618802967,-0.16899608734975,0.1039799398275876,0.1039776616579289,-0.3955659177096151,0.0138155676026752,0.0669156241370285,0.014195807037939,6.53831546833e-05,0.2539251127044479,-0.2538887546547149,4.51069754927e-05,4.08081039446e-05,-7.0681034754e-06,-0.0393024835999889,0.0392566680469725,-2.7877145838e-06,-0.0226957442772048,0.0499705705732533,0.0822400949168052,-0.2714304697332197,-0.0168530108078333,-0.0169996766233075,-0.2192603370969832,0.10655416100564,0.024505658097115,0.1259935741406026,0.1260014896166771,-0.0184509336056962,0.0773893668466184,0.0733467827161857,0.0735606551873839,-0.6962346067787539,-0.7408607266585066,-0.7408607266585066,0.9999892493875905,0.5685639100476482,-0.024754932401173,0.1177924095813799,0.1177924095813799,0.0952179085055143,0.1183916454345027,0.0924817299794624,0.0924817299794624
9,26,0.2713873898,-0.003214554739801,0.1669454809422214,0.1669346646871038,-0.4536035116178068,0.3366344955295025,-0.1649901647451495,0.0927738584859363,0.0927790443858344,-0.4056579688344887,0.0103098584491887,0.0564734615961707,0.0213247355339031,-5.5015252435e-06,0.2522952155960189,-0.2522119130278762,4.50819766004e-05,3.81949015489e-05,-3.3087122037e-06,-0.0392445458650545,0.0392120670100267,6.354475395e-07,-0.016963024150657,0.0525781365060141,0.0740833617967408,-0.2731778151719417,-0.0244450845086866,-0.0245246975493693,-0.2008755450920789,0.1148247371429384,0.0221696448743382,0.1279886947604291,0.1279949013772071,-0.0115632456849027,0.0635769744402823,0.0786309030259165,0.0786911007960828,-0.6962346067787539,-0.7408607266585066,-0.7408607266585066,0.9999892493875905,0.5685639100476482,-0.024754932401173,0.1177924095813799,0.1177924095813799,0.0952179085055143,0.1183916454345027,0.0924817299794624,0.0924817299794624
10,5,0.3002986442,0.0195488145632003,0.1680243721564415,0.1680741011742511,-0.4483171738745329,0.3351472351527423,-0.169753408763612,0.1055898930579345,0.1055872937124787,-0.3933995062465441,0.0148300651426612,0.0685164912991661,0.012438175328593,7.85557868554e-05,0.2519068741311101,-0.2518859319311516,4.82041358864e-05,3.0140214885e-05,-9.7483049342e-06,-0.0391900811825973,0.0391405950740472,-4.1390387527e-06,-0.0243643702804459,0.048819239635997,0.0831426721020325,-0.2726064011580401,-0.0155264066189185,-0.0156951819519102,-0.2215958861237994,0.1061821339314499,0.0241232926963491,0.1268646973991781,0.1268742826494552,-0.0189141846803415,0.0799814183676197,0.0713695908320379,0.0715993194906656,-0.6962346067787539,-0.7408607266585066,-0.7408607266585066,0.9999892493875905,0.5685639100476482,-0.024754932401173,0.1177924095813799,0.1177924095813799,0.0952179085055143,0.1183916454345027,0.0924817299794624,0.0924817299794624
11,27,0.2762695087,-0.0063185874158969,0.163692085204592,0.1636720850943539,-0.4556203240239052,0.3329751582586126,-0.1641309026643959,0.0898260175010942,0.0898347389359933,-0.4076706023405536,0.0098462117859138,0.0548458859310221,0.0218459360823804,-1.85678963215e-05,0.2504796592700025,-0.2504002058255324,3.75151157342e-05,3.3574199771e-05,-4.331236244e-07,-0.0391542524070361,0.0391212703989134,-6.1080688076e-06,-0.016185654461341,0.0523258599670195,0.072519373282307,-0.2746903831973846,-0.0247135839763592,-0.0247980983235042,-0.1971525189011026,0.116026377355189,0.0215219841542672,0.1281828546461974,0.128189073834121,-0.010381828846945,0.0614705915377052,0.0788938914200039,0.0789270128618635,-0.6962346067787539,-0.7408607266585066,-0.7408607266585066,0.9999892493875905,0.5685639100476482,-0.024754932401173,0.1177924095813799,0.1177924095813799,0.0952179085055143,0.1183916454345027,0.0924817299794624,0.0924817299794624
12,6,0.3091169834,0.0229153241097022,0.1655224319170979,0.1655526021053827,-0.4486647912948452,0.3304672950983936,-0.1706045009911792,0.1074698978093647,0.1074656113524684,-0.3910163628193214,0.0159064921935272,0.0701487219956365,0.0107095909655674,8.15211930163e-05,0.2499635883461385,-0.2499058050076684,7.48350763731e-05,2.74912980125e-05,-1.2610787773e-05,-0.039067361700294,0.0390315263202181,6.811433672e-06,-0.0261524706198583,0.0476864668030379,0.0840765388261512,-0.2736668391751768,-0.0140140292870519,-0.0141966782866297,-0.2240087346777113,0.106235587286575,0.023672650925168,0.1281221302573493,0.1281335078378178,-0.0192088182289388,0.0826987971349616,0.0693791014193664,0.0695763338545629,-0.6962346067787539,-0.7408607266585066,-0.7408607266585066,0.9999892493875905,0.5685639100476482,-0.024754932401173,0.1177924095813799,0.1177924095813799,0.0952179085055143,0.1183916454345027,0.0924817299794624,0.0924817299794624
13,28,0.2775696871,-0.0094730658673819,0.1604028200449824,0.1603755785864913,-0.4576779001735672,0.3294179268067982,-0.1632380660976301,0.0867064448296606,0.0867167469787736,-0.409761580766783,0.0092977402457983,0.0532876420039791,0.0222749703059559,-3.01681769155e-05,0.2487203574778094,-0.2486461654272127,2.92941878347e-05,3.08237222705e-05,-1.581820825e-07,-0.0390619422987539,0.0390382366894684,-8.4485132699e-06,-0.0152688042184382,0.0520037235628175,0.0709918526174932,-0.2762900200773936,-0.0249481491163074,-0.0250332837570425,-0.193264523684302,0.1171981450152244,0.0208700844012003,0.1283824695325756,0.1283884286378651,-0.0091367021600896,0.0593985163111084,0.0792331994280751,0.0792478825345078,-0.6962346067787539,-0.7408607266585066,-0.7408607266585066,0.9999892493875905,0.5685639100476482,-0.024754932401173,0.1177924095813799,0.1177924095813799,0.0952179085055143,0.1183916454345027,0.0924817299794624,0.0924817299794624
14,7,0.316968333,0.0264010648688702,0.1631260385047287,0.1631434257756101,-0.4489347387881839,0.3257321702849871,-0.1715162314636949,0.1096092011157664,0.1096037394715914,-0.3884249484849896,0.0170399142700187,0.0718016248635705,0.0090320683963699,9.17416740987e-05,0.2480471123001355,-0.2479590732581785,9.88882444401e-05,3.1483409444e-05,-1.78452724395e-05,-0.0389366645537486,0.0389289297472499,1.27036044093e-05,-0.0280258293772204,0.0466238527654396,0.0850583472670364,-0.2748052581924399,-0.0126006828089706,-0.0127836107457027,-0.2266193948924407,0.1063509610905236,0.0231797291971397,0.1296415901875363,0.1296540616054117,-0.0194216179267832,0.0854947616892896,0.0673998954937311,0.0675853330340573,-0.6962346067787539,-0.7408607266585066,-0.7408607266585066,0.9999892493875905,0.5685639100476482,-0.024754932401173,0.1177924095813799,0.1177924095813799,0.0952179085055143,0.1183916454345027,0.0924817299794624,0.0924817299794624
15,29,0.2826399811,-0.0125815861837764,0.1571827874055245,0.1571485190767796,-0.4596715226568049,0.3260364244093543,-0.1623466607323974,0.0835403504988677,0.083552815874579,-0.4118390255297186,0.00866379866388,0.0518598520376836,0.0225985527354877,-3.97476665098e-05,0.2470353367615259,-0.2469665256623534,2.007401415e-05,2.74931153163e-05,-1.1136770283e-06,-0.0389745562183134,0.0389610968406827,-7.4148679383e-06,-0.0142091678214274,0.0516274799865787,0.0695600671596113,-0.2780741290192846,-0.0251329272261526,-0.0252151756590019,-0.1892546891422219,0.1183505814656043,0.0202362679863359,0.1285860177112201,0.1285922024106945,-0.0078724947483408,0.0574086143076482,0.0796366590213388,0.079629880972814,-0.6962346067787539,-0.7408607266585066,-0.7408607266585066,0.9999892493875905,0.5685639100476482,-0.024754932401173,0.1177924095813799,0.1177924095813799,0.0952179085055143,0.1183916454345027,0.0924817299794624,0.0924817299794624
16,8,0.3270709864,0.0299152042929133,0.1608151598786806,0.1608159242663897,-0.4491593508336471,0.3209665545113976,-0.1724719581414332,0.1119498863299274,0.1119448506179142,-0.3856825979090316,0.0182095501129233,0.0734254847111805,0.0074587719913267,0.0001131091912523,0.2461638241209497,-0.2460370382284411,0.0001250833638706,3.26712396127e-05,-2.2428557372e-05,-0.0388132694380426,0.0388172681876986,1.81995563331e-05,-0.0299413802679915,0.0456676618188836,0.0860709843024339,-0.276049510885794,-0.0112753785904509,-0.0114584729175381,-0.2293482265408179,0.1065260721104855,0.0226554251094289,0.1313796328080494,0.1313937682478956,-0.0195506589295578,0.0882715829475802,0.0654812903322692,0.0656558806570506,-0.6962346067787539,-0.7408607266585066,-0.7408607266585066,0.9999892493875905,0.5685639100476482,-0.024754932401173,0.1177924095813799,0.1177924095813799,0.0952179085055143,0.1183916454345027,0.0924817299794624,0.0924817299794624
17,9,0.3322634441,0.0336059143808363,0.1586261158096272,0.1586334749041439,-0.4492573205512312,0.3162444760613879,-0.1734677998133159,0.1145576320621509,0.1145514811919715,-0.3827301642714065,0.0194143390618517,0.0750228809131678,0.005982531730361,0.0001331829104253,0.2442712701132539,-0.2441600803083945,0.0001253831003123,3.39764378534e-05,-2.34507895224e-05,-0.0386898732128407,0.038703591569932,1.20239178342e-05,-0.0319169989068837,0.0448311111328662,0.0871024776405656,-0.2775564280420592,-0.0103487127921239,-0.0105439899034226,-0.2323850592037657,0.10638564314075,0.0221169482713656,0.1332237148099983,0.1332392015571152,-0.0196787122474396,0.0909800750607118,0.0636388197036023,0.0638444479089065,-0.6962346067787539,-0.7408607266585066,-0.7408607266585066,0.9999892493875905,0.5685639100476482,-0.024754932401173,0.1177924095813799,0.1177924095813799,0.0952179085055143,0.1183916454345027,0.0924817299794624,0.0924817299794624
18,30,0.2939171734,-0.0156730376057743,0.1539442745718229,0.1539033017799473,-0.4616976818998027,0.3227442796288286,-0.1614444733237914,0.0802692938373027,0.0802836588434909,-0.4139461761566535,0.0079553933105676,0.0505369579156019,0.0228017671078933,-5.11295416258e-05,0.2453989092303083,-0.2453304023912241,1.15562009696e-05,2.70866364508e-05,-1.0009417186e-06,-0.0388893013260851,0.0388901698720288,-7.398798978e-06,-0.0130408733190557,0.0511658022792307,0.0681716511780372,-0.2799390603975616,-0.0252510668564134,-0.0253335103607656,-0.185121962415896,0.1194618916422953,0.0196218513011196,0.1287806238889221,0.1287870188367127,-0.0065914366701993,0.0555122307551065,0.0801161894939825,0.0800880648349211,-0.6962346067787539,-0.7408607266585066,-0.7408607266585066,0.9999892493875905,0.5685639100476482,-0.024754932401173,0.1177924095813799,0.1177924095813799,0.0952179085055143,0.1183916454345027,0.0924817299794624,0.0924817299794624
19,10,0.3388011305,0.0371383217988345,0.1563474784532697,0.156345433368452,-0.4492600065533742,0.3115165814210664,-0.1745129972172801,0.1172718844092772,0.1172648031057745,-0.3796851954823767,0.020655838886316,0.0765521019268103,0.0045666168693542,0.0001498177515758,0.2424303296189829,-0.242284721667663,0.0001526639411312,4.01488394895e-05,-2.82791518988e-05,-0.0385604662974007,0.0385951118952098,1.49065406029e-05,-0.0339628684212096,0.0440068219402833,0.0880912702414398,-0.2788929077825992,-0.0091762343795511,-0.0093681623078408,-0.2354002022331626,0.1065571895431167,0.0215527107339254,0.1352974593923131,0.1353138473509975,-0.0196963923298566,0.093663877651554,0.0618443377688833,0.0620250925654786,-0.6962346067787539,-0.7408607266585066,-0.7408607266585066,0.9999892493875905,0.5685639100476482,-0.024754932401173,0.1177924095813799,0.1177924095813799,0.0952179085055143,0.1183916454345027,0.0924817299794624,0.0924817299794624
20,31,0.2937771781,-0.0186088369323501,0.1505320923553207,0.1505021720242124,-0.4637962183501644,0.3194126457628658,-0.1605387253975713,0.076914631141566,0.0769319736887892,-0.4160123312939263,0.0071675466931475,0.0493173874041708,0.0228727564827349,-3.12324864185e-05,0.2438195774436569,-0.2437188488738171,2.65966351138e-05,4.30795458881e-05,-2.9920242305e-06,-0.0388055934412327,0.0388187448792455,-5.7489458052e-06,-0.0117667656283393,0.0506718665345844,0.0668629961736163,-0.2820191684227171,-0.0255659067208768,-0.025668766979045,-0.1809542068968368,0.1203168659303585,0.0190006045292659,0.128905457451264,0.128912999463101,-0.0053605516297067,0.0536269857288491,0.0806510745338881,0.0806564248767294,-0.6962346067787539,-0.7408607266585066,-0.7408607266585066,0.9999892493875905,0.5685639100476482,-0.024754932401173,0.1177924095813799,0.1177924095813799,0.0952179085055143,0.1183916454345027,0.0924817299794624,0.0924817299794624
21,11,0.3486856247,0.0406188612250584,0.1541338044489359,0.1541240078804584,-0.4491742911916347,0.3067926091491743,-0.1755830180115478,0.1200942495861074,0.1200867989157423,-0.3765277994546543,0.0219139678441256,0.0780226532131118,0.0032212175389208,0.0001678469184048,0.2405959184992703,-0.2404170215546941,0.0001818361850946,4.69939066978e-05,-3.00516052381e-05,-0.0384349308406417,0.0384840515632685,1.39969766377e-05,-0.0360479179955211,0.0432323166940574,0.0890495479692096,-0.2802746391211946,-0.0080951399957344,-0.008290730643704,-0.238497506868329,0.1067317198614775,0.0209632435572212,0.1375344959966418,0.1375514154717321,-0.019639835552975,0.0962441964823777,0.0601169514444591,0.0602775577710217,-0.6962346067787539,-0.7408607266585066,-0.7408607266585066,0.9999892493875905,0.5685639100476482,-0.024754932401173,0.1177924095813799,0.1177924095813799,0.0952179085055143,0.1183916454345027,0.0924817299794624,0.0924817299794624
22,32,0.299611241,-0.0216423998870753,0.1472806918327857,0.1472433043261792,-0.4658404613147719,0.3162166550817807,-0.1596253577676456,0.073432589799506,0.0734536170383562,-0.4181139995489702,0.0063771561988453,0.0481568262299399,0.0227763262219835,-5.39155435617e-05,0.2422517714581288,-0.2421655799496539,2.01363294163e-05,3.91640261801e-05,4.0408271284e-06,-0.0387493812750522,0.0387369041833531,-2.00107217901e-05,-0.0104775281797787,0.0499461091314596,0.0655137787291284,-0.2839471272570038,-0.0255683011366641,-0.0256821862095465,-0.1765941751851522,0.1213403631516004,0.0183838095466341,0.1291611703400606,0.1291678351559093,-0.004005014902287,0.0519080212023614,0.0812573370518494,0.0812232726514311,-0.6962346067787539,-0.7408607266585066,-0.7408607266585066,0.9999892493875905,0.5685639100476482,-0.024754932401173,0.1177924095813799,0.1177924095813799,0.0952179085055143,0.1183916454345027,0.0924817299794624,0.0924817299794624
23,12,0.3539745629,0.0443117594535078,0.1521389303601056,0.1521291407106076,-0.4489324022709677,0.3021672746812156,-0.176648173844469,0.1230562832533709,0.123047030635415,-0.3732366690428501,0.0232305523869888,0.0794770074568961,0.0019798599591717,0.0001855374757307,0.2387460657018362,-0.2385765035813779,0.000182283049797,4.49157808509e-05,-2.81568336791e-05,-0.0383187522979189,0.0383683773967285,3.7241650192e-06,-0.0381947486108397,0.0425823441713154,0.0900342022680271,-0.2819817631718801,-0.0072768696123139,-0.0074883240437429,-0.2418866768792146,0.1064580720326102,0.0203777503416367,0.1398238702878306,0.1398406663087066,-0.0195975397498819,0.0987492074236019,0.0584504934895757,0.0586338905417672,-0.6962346067787539,-0.7408607266585066,-0.7408607266585066,0.9999892493875905,0.5685639100476482,-0.024754932401173,0.1177924095813799,0.1177924095813799,0.0952179085055143,0.1183916454345027,0.0924817299794624,0.0924817299794624
24,33,0.3090805304,-0.0246284295797265,0.1440060844485245,0.1439592395480429,-0.4678737455614889,0.3131172643926998,-0.1587263742334404,0.0699320324790258,0.0699542424813792,-0.4201675858883675,0.0055271938601981,0.0471197075596324,0.0225407330443884,-7.50081988804e-05,0.2407235346627086,-0.2406477466913491,1.26803537569e-05,3.44386415889e-05,3.2429977127e-06,-0.0386877641482748,0.0386697673615897,-2.08516850274e-05,-0.0090835921547258,0.0491357522814884,0.0642362025944517,-0.2859529810057274,-0.0255401639443716,-0.0256541822785743,-0.1721364498363711,0.1223483994276875,0.0177670951179314,0.1294607072008923,0.1294681424410895,-0.0026302730807016,0.050311919174619,0.0818984381023246,0.0818381289057995,-0.6962346067787539,-0.7408607266585066,-0.7408607266585066,0.9999892493875905,0.5685639100476482,-0.024754932401173,0.1177924095813799,0.1177924095813799,0.0952179085055143,0.1183916454345027,0.0924817299794624,0.0924817299794624
25,13,0.3583877508,0.0479109455540236,0.1501628457688478,0.1501492750742475,-0.4485809648471248,0.2976064830831264,-0.17772005832281,0.1260820694381679,0.1260713105473733,-0.3698917636346944,0.0245777107913967,0.0808419739626828,0.0008218873660323,0.0002054553126665,0.2369101422577486,-0.2367399417250154,0.0001800281457572,3.80234176768e-05,-2.8968441929e-05,-0.0381995614082905,0.0382569116188452,8.262186204e-06,-0.0403651992873126,0.0419796510412821,0.0909557826255123,-0.2837360823686118,-0.0065145948903186,-0.0067270686404756,-0.2452885873420646,0.1061622688436345,0.0197841359613196,0.1422217115978185,0.1422383064774439,-0.0194806955856862,0.1011215083793334,0.0568746967940363,0.057052024238605,-0.6962346067787539,-0.7408607266585066,-0.7408607266585066,0.9999892493875905,0.5685639100476482,-0.024754932401173,0.1177924095813799,0.1177924095813799,0.0952179085055143,0.1183916454345027,0.0924817299794624,0.0924817299794624
26,34,0.3131456045,-0.0275240632331751,0.1403386264532613,0.140307505417252,-0.4701943396203533,0.3098166012368989,-0.157831678978031,0.0663714200198248,0.0663966007122381,-0.4222094623582672,0.0045884590544163,0.0461928816468951,0.0222575180431812,-4.6234298996e-05,0.2392879107047951,-0.2391700294397328,2.64834831512e-05,5.65937086243e-05,9.071010844e-07,-0.0386154064427298,0.0386189800878973,-2.07647983249e-05,-0.0075332512803945,0.0484002989181384,0.063083575657741,-0.2881339927836283,-0.0257623214303572,-0.0259000674567476,-0.1676973651378688,0.1230800407054239,0.0171663389787074,0.1296733175882914,0.1296818347217078,-0.0013401694014117,0.0486671314901601,0.0825991856267853,0.0825821467901366,-0.6962346067787539,-0.7408607266585066,-0.7408607266585066,0.9999892493875905,0.5685639100476482,-0.024754932401173,0.1177924095813799,0.1177924095813799,0.0952179085055143,0.1183916454345027,0.0924817299794624,0.0924817299794624
27,14,0.3639135537,0.0512981454676722,0.1479882157092026,0.1479723539906111,-0.4481032750989723,0.2930115504418233,-0.1788643415118581,0.1292201748365755,0.1292082671847009,-0.3663719993836784,0.0259318934162778,0.0821367239154191,-0.0003501278201066,0.0002193360529546,0.2350975963165888,-0.2348979494688295,0.0002136963607652,4.89310834947e-05,-2.87893321541e-05,-0.038079823951341,0.0381501278494244,4.1974848238e-06,-0.0426151020947652,0.041307370343911,0.0918010001840249,-0.2852342390244196,-0.005622436486424,-0.0058424718567805,-0.2487320330808842,0.1061637260302753,0.0191549100642826,0.1448111527785767,0.1448266065009188,-0.0192725373603545,0.1034261972634016,0.0553467234275491,0.055490605656057,-0.6962346067787539,-0.7408607266585066,-0.7408607266585066,0.9999892493875905,0.5685639100476482,-0.024754932401173,0.1177924095813799,0.1177924095813799,0.0952179085055143,0.1183916454345027,0.0924817299794624,0.0924817299794624
28,35,0.3189233504,-0.0304191406312757,0.1369383639134391,0.1369061031254641,-0.4723317807819915,0.3067113095700967,-0.1569388657933483,0.0627580840931776,0.0627854489435008,-0.4242018938194609,0.0036834189736299,0.0452902508017876,0.0218172772292415,-4.62431443009e-05,0.2378002815398207,-0.2377424878757508,-1.21241105938e-05,4.29607321325e-05,-3.3835901489e-06,-0.038555386581096,0.0385735567681633,-1.26260070585e-05,-0.0060057820843285,0.0474441193982443,0.0618697772511641,-0.2903245635704728,-0.0258912803129113,-0.0260144201470274,-0.163190729620333,0.1237951635705134,0.0165769621932647,0.1299272137229059,0.1299353088166055,-5.36823441649e-05,0.0471140821604793,0.0833620020270972,0.0833817119740658,-0.6962346067787539,-0.7408607266585066,-0.7408607266585066,0.9999892493875905,0.5685639100476482,-0.024754932401173,0.1177924095813799,0.1177924095813799,0.0952179085055143,0.1183916454345027,0.0924817299794624,0.0924817299794624
29,15,0.3697544056,0.054637998552411,0.14595667869544,0.1459289016052889,-0.4476461784109563,0.2883577655039331,-0.1799997449161408,0.1323534167204199,0.1323398370856971,-0.3628330214678741,0.0272525498907027,0.0834111082363564,-0.0014344890579659,0.0002370892059357,0.2332935544862311,-0.2330560185637939,0.0002439979326889,5.22755264791e-05,-2.60817051453e-05,-0.0379733745557155,0.0380380588086524,-2.1078406385e-06,-0.0448062263771099,0.0407257832825147,0.0926697141346995,-0.2869132510314991,-0.0047335859644638,-0.0049675511334512,-0.2522846637836255,0.1060902090047624,0.0185228103289178,0.1474953717624868,0.1475094182736428,-0.0190194822665438,0.1056533923102428,0.0539057262658224,0.0540207879631293,-0.6962346067787539,-0.7408607266585066,-0.7408607266585066,0.9999892493875905,0.5685639100476482,-0.024754932401173,0.1177924095813799,0.1177924095813799,0.0952179085055143,0.1183916454345027,0.0924817299794624,0.0924817299794624
30,36,0.3257166961,-0.0333216391485418,0.133767137009676,0.1337287173005735,-0.4744122111031116,0.3037018073252472,-0.1560599883510243,0.0591148615942492,0.0591445321599014,-0.4261656763140005,0.0026885373996011,0.0445617343740479,0.0212295427646614,-5.50640902274e-05,0.236367148482412,-0.2363104822311815,-1.0194747221e-05,4.02487639065e-05,-4.1108974166e-06,-0.0385011987976823,0.0385324082921585,-8.8778273051e-06,-0.004365616470752,0.0464023020661553,0.0607516593988523,-0.2926137197509158,-0.0257496166903831,-0.0258756981367675,-0.1584236809257734,0.124715724730102,0.015972993170357,0.130369781855817,0.1303776142282672,0.0013467211610829,0.0457587609534661,0.0841905011278535,0.0841737945540107,-0.6962346067787539,-0.7408607266585066,-0.7408607266585066,0.9999892493875905,0.5685639100476482,-0.024754932401173,0.1177924095813799,0.1177924095813799,0.0952179085055143,0.1183916454345027,0.0924817299794624,0.0924817299794624
31,16,0.3750027737,0.057972140171086,0.143932574957674,0.1438949525816997,-0.447040119274849,0.2837764499124781,-0.1811509523020582,0.1355442547660859,0.1355273018544283,-0.3591916390273224,0.02858694324552,0.0846595161220122,-0.0024873014133005,0.0002572703007477,0.2314828826515684,-0.231213859562404,0.0002739941919656,5.87583438517e-05,-2.73660942761e-05,-0.0378635625626712,0.0379364500595785,5.2599046887e-06,-0.0470076284391801,0.0401655472628641,0.0935282315057693,-0.2886476632033779,-0.0038736272680853,-0.0041210499886612,-0.255920178490818,0.1059406312256558,0.0178823761657393,0.1502888478856112,0.1503013389266838,-0.0187024405526102,0.1077850194828583,0.0525015648014449,0.0525986390061221,-0.6962346067787539,-0.7408607266585066,-0.7408607266585066,0.9999892493875905,0.5685639100476482,-0.024754932401173,0.1177924095813799,0.1177924095813799,0.0952179085055143,0.1183916454345027,0.0924817299794624,0.0924817299794624
32,37,0.3351921628,-0.0361807316503695,0.1305418821879021,0.1304977467863145,-0.4764494492396073,0.3008184034208545,-0.1552125567153471,0.0555179834634373,0.0555496944859189,-0.4280491966834699,0.0016493826104213,0.0439378755792981,0.020534628527586,-5.95200763164e-05,0.2349666754521712,-0.2349083214099195,-1.16740892652e-05,3.56954734752e-05,-2.4011590024e-06,-0.0384630703672058,0.0384846697340605,-1.32974053395e-05,-0.0026396426181554,0.0452969910145275,0.0597030458938526,-0.2949847767760399,-0.0255769002225111,-0.0257017074230527,-0.1535422873330986,0.1256219787213507,0.0153814600779978,0.1308409975969322,0.1308480443645453,0.0027280504163106,0.0445008789578638,0.0850624055263847,0.0850179806394568,-0.6962346067787539,-0.7408607266585066,-0.7408607266585066,0.9999892493875905,0.5685639100476482,-0.024754932401173,0.1177924095813799,0.1177924095813799,0.0952179085055143,0.1183916454345027,0.0924817299794624,0.0924817299794624
33,17,0.3804329117,0.0612630467942967,0.1419519806480427,0.1419171544368506,-0.4463096410654662,0.2792519336680098,-0.1823113551092495,0.138759508548281,0.1387421792385841,-0.3554559734169109,0.0299193986672436,0.0858705022290737,-0.0035013609998832,0.0002825639961036,0.2296667014435705,-0.2293692805730129,0.000301226076706,7.21465851244e-05,-2.91902744834e-05,-0.0377416601505676,0.0378545634791125,9.0495003047e-06,-0.04920193858283,0.0396346048867824,0.0943621195124352,-0.2904470437910628,-0.0030697703349811,-0.0033225732264361,-0.2596271672282366,0.1057288831365641,0.0172222519191761,0.1532126356940152,0.1532248941165234,-0.018302266165897,0.1098212666094679,0.0511532740030953,0.0512373222248864,-0.6962346067787539,-0.7408607266585066,-0.7408607266585066,0.9999892493875905,0.5685639100476482,-0.024754932401173,0.1177924095813799,0.1177924095813799,0.0952179085055143,0.1183916454345027,0.0924817299794624,0.0924817299794624
34,38,0.3403203918,-0.0389260634206868,0.1268549667616245,0.1268243594639667,-0.4787993106302294,0.2976957094046472,-0.1543750943185804,0.0518860880196625,0.0519229694690635,-0.4299267591124004,0.0005379710705681,0.043412688237197,0.0198158693864265,-3.42848129656e-05,0.2336437131302969,-0.2335515013110303,5.0322616727e-06,5.43752015775e-05,-1.9925561964e-06,-0.0384171380354287,0.0384502688800942,-1.823534388e-05,-0.0008225242841248,0.0442662770098389,0.0587636789326112,-0.2975089556157093,-0.025569364261195,-0.0257098037971504,-0.1486554744255106,0.1262755686803357,0.0148179955221937,0.1312002766532488,0.1312082272465717,0.0039948115803901,0.0432098428430824,0.0860011195833595,0.0859965365854,-0.6962346067787539,-0.7408607266585066,-0.7408607266585066,0.9999892493875905,0.5685639100476482,-0.024754932401173,0.1177924095813799,0.1177924095813799,0.0952179085055143,0.1183916454345027,0.0924817299794624,0.0924817299794624
35,18,0.3849383283,0.0644843177831164,0.1399941754059348,0.1399547956578736,-0.4454829562425975,0.2747676533484086,-0.1834884053051351,0.1420071399569013,0.1419873249511607,-0.3516273444210883,0.0312398945412302,0.0870384498109699,-0.0044681710340754,0.0003088949010643,0.227850729880235,-0.2275189392387698,0.0003280305737188,7.95278087826e-05,-2.92342089273e-05,-0.0376374883109846,0.0377610372644523,1.08975485877e-05,-0.0513777565702424,0.0391321982200986,0.0951741329123556,-0.29230829124915,-0.0023544382145411,-0.0026198097549338,-0.2633735324218918,0.1054873011692776,0.0165439266764443,0.1562540079695416,0.1562657039421325,-0.0178202709082748,0.111717804333641,0.0498725592868531,0.0499436532064425,-0.6962346067787539,-0.7408607266585066,-0.7408607266585066,0.9999892493875905,0.5685639100476482,-0.024754932401173,0.1177924095813799,0.1177924095813799,0.0952179085055143,0.1183916454345027,0.0924817299794624,0.0924817299794624
36,39,0.3461991492,-0.0417067586553874,0.1235008015961548,0.123492566156538,-0.4810090980847755,0.2946834102260262,-0.1535257334460729,0.0481462678599903,0.0481886402809679,-0.4317855096278733,-0.0005565730455684,0.0429186708283638,0.018960715727033,-3.51880657508e-05,0.2322783452119006,-0.2322226635342237,-7.3110380582e-06,5.2811108787e-05,1.04592338938e-05,-0.0384170323316666,0.0383860329266977,-5.47414382204e-05,0.0009683984779305,0.0430558001823915,0.0577391277568595,-0.300084477982931,-0.0255023406621969,-0.0256572989031526,-0.1436637241257898,0.1269477194806515,0.0142404604117475,0.1316634941204368,0.1316685888917904,0.0053035320141252,0.0420205165418941,0.0870024474800002,0.0870069599826856,-0.6962346067787539,-0.7408607266585066,-0.7408607266585066,0.9999892493875905,0.5685639100476482,-0.024754932401173,0.1177924095813799,0.1177924095813799,0.0952179085055143,0.1183916454345027,0.0924817299794624,0.0924817299794624
37,19,0.3865150032,0.0676635959916605,0.1381081611472838,0.1380580180102189,-0.444475812787808,0.2703791004181409,-0.1846775372103726,0.1452532727206853,0.1452310302873608,-0.3476780424161732,0.032558985493858,0.0881757730307695,-0.0054110245070806,0.0003341866279422,0.2260141929022939,-0.2256541245614984,0.0003568882140006,8.76619433707e-05,-3.13950329377e-05,-0.0375380331012796,0.0376737702204235,1.66221572229e-05,-0.0535504028937595,0.0386397738513281,0.0959627872788219,-0.2942388459640833,-0.0016604709768308,-0.0019370027298184,-0.2672303913015294,0.1051231029283753,0.0158573162292166,0.1593890442272411,0.1594005134064159,-0.0172958475450922,0.1134974735382607,0.0486519205898648,0.0487105393084123,-0.6962346067787539,-0.7408607266585066,-0.7408607266585066,0.9999892493875905,0.5685639100476482,-0.024754932401173,0.1177924095813799,0.1177924095813799,0.0952179085055143,0.1183916454345027,0.0924817299794624,0.0924817299794624
38,40,0.3531012954,-0.0444551804224469,0.1203752416495702,0.1203638591033242,-0.4830788123793964,0.2918578115502898,-0.1527140071829746,0.0445003808307338,0.0445443344080088,-0.4335485402765314,-0.0017042132902885,0.0425700144386269,0.017965649412831,-2.55779205402e-05,0.2309594508828568,-0.2308972273518829,-1.6611316073e-06,5.0649590089e-05,1.03495284841e-05,-0.0383867585512568,0.0383644444973985,-5.14973855654e-05,0.0028639299781659,0.0417640564260287,0.0568556898035346,-0.3027567178830556,-0.02519759612887,-0.0253551333185033,-0.1384669330343603,0.1277814555814291,0.0136732300163727,0.1322595843629702,0.1322644118961208,0.0066414638456353,0.0410303230991166,0.0880687019754267,0.0880397677907257,-0.6962346067787539,-0.7408607266585066,-0.7408607266585066,0.9999892493875905,0.5685639100476482,-0.024754932401173,0.1177924095813799,0.1177924095813799,0.0952179085055143,0.1183916454345027,0.0924817299794624,0.0924817299794624
39,20,0.39055955,0.0709839724140174,0.1364775131690955,0.1364461286740314,-0.4432231638385483,0.2662960390311507,-0.1858542001828932,0.1485367827847345,0.1485125673399167,-0.3436583042343155,0.0337978701489427,0.0893057317529456,-0.0062618494933243,0.0003165122707071,0.2241421764866481,-0.2238114957783898,0.0004054744980693,0.0001100768228438,-3.07404145141e-05,-0.03745422210559,0.0375828381368857,1.8914731181e-05,-0.0556612979556282,0.0382703697508257,0.0967743118170126,-0.2965968314975231,-0.00101644012222,-0.0013323633031871,-0.2710412651229114,0.1045190174148768,0.0151902556733347,0.1625312950798059,0.1625415708954224,-0.0167243603136369,0.1151800753439251,0.0475061823393837,0.0475925713208497,-0.6962346067787539,-0.7408607266585066,-0.7408607266585066,0.9999892493875905,0.5685639100476482,-0.024754932401173,0.1177924095813799,0.1177924095813799,0.0952179085055143,0.1183916454345027,0.0924817299794624,0.0924817299794624
