,frame,error,a1,a2,d1,x_c0,x_c1,x_c2,x_c3,x_c4,x_c5,x_c6,x_c7,x_c8,x_c9,x_c10,x_c11,x_c12,x_c13,x_c14,x_c15,x_c16,x_c17,x_c18,x_c19,x_c20,x_c21,x_c22,x_c23,y_c0,y_c1,y_c2,y_c3,y_c4,y_c5,y_c6,y_c7,y_c8,y_c9,y_c10,y_c11,y_c12,y_c13,y_c14,y_c15,y_c16,y_c17,y_c18,y_c19,y_c20,y_c21,y_c22,y_c23,z_c0,z_c1,z_c2,z_c3,z_c4,z_c5,z_c6,z_c7,z_c8,z_c9,z_c10,z_c11,z_c12,z_c13,z_c14,z_c15,z_c16,z_c17,z_c18,z_c19,z_c20,z_c21,z_c22,z_c23,q_c0,q_c1,q_c2,q_c3,q_c4,q_c5,q_c6,q_c7,q_c8,q_c9,q_c10,q_c11,q_c12,q_c13,q_c14,q_c15,q_c16,q_c17,q_c18,q_c19,q_c20,q_c21,q_c22,q_c23
0,1,0.505834776,126.0,121.0,-180.0,-0.3348280339325544,-0.2689155795239275,-0.2238413036137554,-0.2004545414790182,0.0701558668123612,-5.29866570231e-05,-0.2232251067247695,-0.2017819206152951,0.1607179391149668,0.2979639388266376,-0.253135271137386,0.1395986851267206,-0.5294940081048957,0.0198938112275187,0.0762510151938483,0.4418839832278054,-0.1002810448492142,-0.065937694929073,-0.1214448521769192,0.0782451847000905,-0.0911282313167902,-0.0514234048414285,-0.0169980515427842,0.0362324370305774,0.343225539250413,0.5601058086490807,-0.0770239664298711,-0.0440828242773738,0.1268894052173554,0.2073892999831247,-0.1502846604171082,0.2123607344822392,-0.2368589364270844,0.0209970374898292,0.0059190995039328,0.0272695967949989,-0.0141346595335725,0.3854527951470033,-0.2549076242656476,-0.0773682482553447,-0.0076776927340464,-0.2416568621419531,-0.1155600048683207,-0.4000760369130302,0.177183821217014,0.1301273842198161,0.1479365143709877,0.0148709419746465,-0.1212439152556426,-0.0181758510990643,-0.1265756191142036,0.0392995096281378,-0.0716103335759454,0.2568049141155852,0.2820040066207851,0.4673029705082478,-0.4892404620886606,0.1065542637320393,-0.0634799127724701,0.2115720716175864,-0.1350358831328994,0.067329067925543,0.0662014083687982,0.063199877129011,0.1387466791791171,-0.5189592204594242,0.4252266767765771,-0.3236399603342198,0.2996955165160853,0.0438116616068447,-0.4220145626235111,0.0103606786621135,0.4396498698493788,-0.2419484626586362,-0.8216640823832928,0.6911058725627753,0.3472770842538423,-0.4972452564803699,0.0348746148872408,0.4472873175241169,0.4040279392599954,-0.764891438135215,-0.5803786163151374,0.6104678734781928,0.4283178126312049,-0.516673231881224,-0.9898710280040961,0.5250946986775089,0.2762007947019022,0.6761625577758107,0.4633336859053099,-0.9923740601782192,0.0587798760355904,0.2214211643831836,-0.4685750352723741,0.2496200493825114
1,17,2.938277422,116.0,121.0,-135.0,-0.3383890907553337,-0.1947429865311051,0.1913651521248356,0.292259433318132,-0.7778255143191734,0.101546332863468,0.6513133102677022,-0.0265584600502274,-0.3555844726492619,0.0637664240010207,-0.4338459962789157,-0.10197155514785,-0.4420800294706848,-0.1107524694542332,0.2221702130061696,0.4718450773514593,0.0839811517369553,0.3587245515092328,-0.081967250420253,0.3723534160663897,-0.9935244911121235,0.1438721053800046,0.0048724109723633,0.9758505384041812,0.1190741838656189,0.2960532477932533,0.3603757960062751,0.4733066547047161,0.9567866449096244,-0.0779310468349749,-0.0474589485957134,0.3013943409939595,-0.0608784990851932,0.1116726941536265,-0.0399954627826581,0.0671601091717411,0.155965109454189,0.7595585075659226,0.2096579317161386,0.5368584756214381,0.3937989821454154,-0.3099910283325881,-0.1484893240187476,-0.0360455843079042,0.2115375880529358,0.3041801228433938,0.1605046318194109,-0.0505855321950873,-0.5013664517926073,-0.5999593314779454,0.4940419573189671,-0.4919865179723773,0.4712226060017291,-1.1015910628599879,0.3457982144666906,0.4561881387773764,-0.5489777868054673,0.3002202088782914,0.0545319068244787,0.3946150038958699,-0.2663195423414463,-0.1095677966572075,-0.1269411105954557,-0.1862669763068094,-0.0485632898628398,0.5374867531108287,0.543259342889636,0.4842142613976187,0.2843125751875791,-0.0422353551092104,-0.4603088426874969,0.265944958717077,0.4396498698493788,-0.2419484626586362,-0.8216640823832928,0.6911058725627753,0.3472770842538423,-0.4972452564803699,0.0348746148872408,0.4472873175241169,0.4040279392599954,-0.764891438135215,-0.5803786163151374,0.6104678734781928,0.4283178126312049,-0.516673231881224,-0.9898710280040961,0.5250946986775089,0.2762007947019022,0.6761625577758107,0.4633336859053099,-0.9923740601782192,0.0587798760355904,0.2214211643831836,-0.4685750352723741,0.2496200493825114
2,16,2.104904633,126.0,121.0,-135.0,-0.3717230657883164,-0.3165692978073495,-0.2700633960994379,-0.2657329704618017,0.3051972889659088,0.1717016612354304,-0.4085499823012864,-0.2605748125794645,0.2407254037946967,0.3127229710677479,-0.2380783800574352,0.1583191690242804,-0.5238775788277155,0.0196657634255726,0.0709035827684977,0.4495886348871045,-0.077587544491228,-0.0690341130674355,-0.120629521177826,0.0185152575969077,0.0144277759971351,-0.0685153850980877,-0.0365549832841102,-0.0348525712351312,0.3091187018445796,0.4968884347957491,-0.3593822815200248,-0.3683492380911126,-0.123892119312142,0.028431529377034,-0.0905843630367341,0.1579119149191048,-0.1478750360410311,0.027752628577936,0.0215533431679121,0.0398041926738558,-0.0046965842256307,0.3965552350723897,-0.2432846863103484,-0.0639426300700956,0.0410910602773467,-0.2470662894916317,-0.1100347125765138,-0.4200614921046199,0.1257925638042149,0.0892701405628568,0.1120313174434527,0.0143143776903482,-0.003747819428857,0.1422675813289361,-0.1578460863072979,0.0285100951354935,0.0159609435603397,0.2956404388027796,0.2313553117895991,0.4574710859852763,-0.4950732968306796,0.0925566326406109,-0.0687032408373421,0.2205615677694758,-0.1320486816022101,0.0714856485431281,0.0971968912966172,0.0549908808716356,0.1399074929560888,-0.513886596345855,0.4281906852141313,-0.3204276969707761,0.3097685029623942,0.0614168410224942,-0.3971740465504271,0.0344142349721748,0.4396498698493788,-0.2419484626586362,-0.8216640823832928,0.6911058725627753,0.3472770842538423,-0.4972452564803699,0.0348746148872408,0.4472873175241169,0.4040279392599954,-0.764891438135215,-0.5803786163151374,0.6104678734781928,0.4283178126312049,-0.516673231881224,-0.9898710280040961,0.5250946986775089,0.2762007947019022,0.6761625577758107,0.4633336859053099,-0.9923740601782192,0.0587798760355904,0.2214211643831836,-0.4685750352723741,0.2496200493825114
3,0,0.4004318119,116.0,121.0,-180.0,-0.3263978256650571,-0.2314021364253191,-0.16451019634261,-0.1233246748603528,-0.0724003676462633,-0.1030377127458046,-0.0772371734933945,-0.2138813511656836,0.0838675823248401,0.2662414870346548,-0.2827417601035003,0.1065195632439938,-0.4939763614496813,0.0669821655581688,0.1232137497612356,0.4875465339011947,0.010149368574603,-0.136444233750242,-0.1399585839301151,0.0205937256063436,-0.0576786246099617,-0.0029536050871234,0.0194286035112773,0.0775588618668646,0.2940275115275494,0.5025846682302594,-0.1685428070662527,-0.1457763897498047,0.1374888310948257,0.2371546259862721,0.0827606066309039,0.2328391216788361,-0.117676807007418,0.0212329946289679,0.0063541152488647,0.0280036045247018,-0.01384376416397,0.3866651381750932,-0.2550153457669265,-0.0768732931630785,-0.0065692929022332,-0.2421556635235387,-0.1155038337129148,-0.4012878853576118,0.1263153797960737,0.0485292368827149,0.0867342535104108,-0.0198830367083063,-0.144310669935544,-0.0405495304729464,-0.169686764809363,-0.0079750081504386,-0.0217862478552587,0.3050925423426669,0.3748663305146059,0.4699572745452086,-0.5479305307516986,0.1891189629135915,0.010063047229913,0.2924235509461692,-0.1228014350154342,0.0431606913585282,0.0390906821442804,0.0176575046541239,0.1215185908733181,-0.4860858646060668,0.4604678998278545,-0.2996593236780852,0.2755247471708789,0.0798627462617647,-0.3873754279702502,0.0395217430904736,0.4396498698493788,-0.2419484626586362,-0.8216640823832928,0.6911058725627753,0.3472770842538423,-0.4972452564803699,0.0348746148872408,0.4472873175241169,0.4040279392599954,-0.764891438135215,-0.5803786163151374,0.6104678734781928,0.4283178126312049,-0.516673231881224,-0.9898710280040961,0.5250946986775089,0.2762007947019022,0.6761625577758107,0.4633336859053099,-0.9923740601782192,0.0587798760355904,0.2214211643831836,-0.4685750352723741,0.2496200493825114
4,2,1.030881455,136.0,121.0,-180.0,-0.4102026509389614,-0.3903139198398453,-0.4547883215666242,-0.4751706499278727,0.514180457989296,0.3430521671771252,-0.3924255402347569,-0.2686822692926393,0.4395818727944842,0.3863546918945305,-0.1601948857595046,0.2482445685017342,-0.6085300639973372,0.0527580831579589,-0.1883753581847316,0.2249096544781019,-0.2518564968166654,0.066666044473981,-0.1313091115088778,0.1094691452902751,1.0634622214718172,-0.1859340508465095,0.0128070159012537,-0.7020826061827459,0.2545810377346835,0.3972452228122699,-0.6291184780362551,-0.6835359213953933,-0.4831049879865187,-0.2699447654332514,-0.2685099972690937,0.13196314446365,0.0346093933974834,-0.1426692929573294,-0.0190297851766817,-0.0933139612783778,-0.1336823423406631,-0.0226285675860214,-0.6169392183662312,-0.6291582045756396,-0.3241780221764418,0.2171281937267595,-0.0319843869006396,-0.0294415435362855,0.1175811679908541,-0.0116556863023684,0.0516161864182804,-0.0237344703810105,0.1600024367158966,0.3579384538080317,-0.185104848165465,-0.0105201838585471,0.244207761803632,0.4581041036992268,0.1526513623085068,0.4388860072968068,-0.4237354062322798,0.0510650181385272,-0.0713879779588581,0.1775683390227319,-0.0199102537398171,0.212218462962117,0.2103763875738404,0.1960929866613854,0.2598139503010087,-0.5000901615893434,0.398140232792473,-0.3872383123586344,0.1142988998651289,0.0592843464384038,-0.3595067110083021,0.5077509874086807,0.4396498698493788,-0.2419484626586362,-0.8216640823832928,0.6911058725627753,0.3472770842538423,-0.4972452564803699,0.0348746148872408,0.4472873175241169,0.4040279392599954,-0.764891438135215,-0.5803786163151374,0.6104678734781928,0.4283178126312049,-0.516673231881224,-0.9898710280040961,0.5250946986775089,0.2762007947019022,0.6761625577758107,0.4633336859053099,-0.9923740601782192,0.0587798760355904,0.2214211643831836,-0.4685750352723741,0.2496200493825114
5,15,1.825132702,136.0,121.0,-135.0,-0.3352005313515853,-0.2261156616092892,0.072508773941731,0.1543537516814336,-0.3047425030522829,-0.2893097363163895,0.0353671260829326,-0.1754365207643358,-0.222590204905825,0.1327323453098878,-0.3761031389353541,-0.0309399770382712,-0.4818568711419638,-0.1610758402663763,0.1700100315183768,0.4265430744408293,-0.0198008212981112,0.3256381259894627,-0.0860834849887948,0.3791266546630004,-0.9482639767712475,0.0182726180128136,-0.0878345318954233,0.8475625608683066,0.2718157801122363,0.4839359736450463,0.0921916956802408,0.1755211569054703,0.6515147697381695,0.6571868857949432,0.2213038365816588,0.256992816319646,-0.2017722841212483,0.1764798803959311,0.036588585783991,0.1363219724172043,0.1342273344444369,0.7394215988858114,0.1909541424184406,0.5149744699214287,0.3742901695709392,-0.3105455310823368,-0.1708461274287174,-0.0469883165417261,0.1215583279286288,0.1761309033296216,0.0785212530665852,0.0379638914807221,-0.3498549340153902,-0.3431837012700539,-0.3753174699290595,-0.222621643683705,0.012345076603308,0.3648170211892865,0.446525876659517,0.4791317269994402,-0.5431734368960306,0.2181011916185939,-0.0034450146097879,0.3245207744563022,-0.2556251289881901,-0.0703117920664381,-0.0652273716936736,-0.1291150098440989,-0.0083888540163773,0.4855304338251235,0.5099387626716949,0.447988548296707,-0.2341987344239116,0.0272771030713692,-0.4147097941341679,0.1119325923337547,0.4396498698493788,-0.2419484626586362,-0.8216640823832928,0.6911058725627753,0.3472770842538423,-0.4972452564803699,0.0348746148872408,0.4472873175241169,0.4040279392599954,-0.764891438135215,-0.5803786163151374,0.6104678734781928,0.4283178126312049,-0.516673231881224,-0.9898710280040961,0.5250946986775089,0.2762007947019022,0.6761625577758107,0.4633336859053099,-0.9923740601782192,0.0587798760355904,0.2214211643831836,-0.4685750352723741,0.2496200493825114
6,5,1.218958494,116.0,131.0,-180.0,-0.3189109624416059,-0.1895988091372901,-0.2877981487833089,-0.2441252848491986,-0.1811702691816182,-0.1777528771045922,-0.0025615299546434,-0.2868641996185474,0.0696253575954896,0.1484369978108313,-0.3770798134833385,-0.0090439174677576,-0.5349037199004006,0.16057877651374,-0.0792328645256617,0.3196342461179486,0.0366097736068743,-0.2236440360029057,-0.1800102726316953,-0.1313801023535305,1.000677342111515,-0.1114120251603901,0.0375943092699745,-0.4772046050430451,0.1356131438506438,0.2663533380605866,-0.7120527424618626,-0.7626948267007354,-0.2242619673602347,0.0159264728077615,0.6290725245148285,0.2189996904254547,0.3045409859021719,-0.0963119649951335,0.0112447549636538,-0.0518651719968145,-0.1540301747214388,-0.0557922473143668,-0.6484641843630302,-0.6578416724614937,-0.4370654987432084,0.2616392181094042,-0.0305469570363357,0.0176952439611986,-0.0881989060500079,-0.3250993861460922,-0.1613263909115943,-0.2509178360439062,-0.0477807197409315,0.1130030649189371,-0.3476634916742689,-0.1756400117369478,0.2399371312019453,0.4931256705133307,0.4256125533484392,0.5093931887711436,-0.5497799772296602,0.3462076428953198,0.1444888086151429,0.4469518977989101,-0.1110005364351756,0.0074709580987156,0.0027333976179793,-0.0806116944197586,0.0653587906516047,-0.4591397647755071,0.4453122861011848,-0.3741784562295962,0.0899577598944777,0.1665353564820857,-0.2541314555743033,0.4631594412530995,0.4396498698493788,-0.2419484626586362,-0.8216640823832928,0.6911058725627753,0.3472770842538423,-0.4972452564803699,0.0348746148872408,0.4472873175241169,0.4040279392599954,-0.764891438135215,-0.5803786163151374,0.6104678734781928,0.4283178126312049,-0.516673231881224,-0.9898710280040961,0.5250946986775089,0.2762007947019022,0.6761625577758107,0.4633336859053099,-0.9923740601782192,0.0587798760355904,0.2214211643831836,-0.4685750352723741,0.2496200493825114
7,4,0.7643391523,126.0,131.0,-180.0,-0.3404726248775209,-0.2806983027167163,-0.2317008708193818,-0.2054241058842559,0.0891951815606249,0.0174968359638657,-0.2288289530309048,-0.2080108630036896,0.1607318295433568,0.3119439756680594,-0.2379014648889977,0.1558059519534494,-0.5239460776643418,0.0331953969279184,0.0846468206926365,0.4493028342068707,-0.0765094977119211,-0.075741527996265,-0.1284162267060214,0.0409897281488133,-0.0800263435788925,-0.0329860399790783,-0.0229032764714725,0.0469272068928656,0.3579166837867974,0.5757909838258417,-0.0571803780171405,-0.0213822905096124,0.1212381078948463,0.2105687336030815,-0.1631896113076323,0.219552237368383,-0.2415906435988429,0.0244913757295507,0.0093595634126132,0.0245026111816405,-0.0148930539456222,0.3863747473533939,-0.2500517100501837,-0.08229101286032,-0.007751244030054,-0.2385556717560005,-0.1151728831745457,-0.4025052930835972,0.1605608105916966,0.1151205307553685,0.1267954558018254,0.0012803243179306,-0.1106353601111678,-0.0133543477686607,-0.1265097655116939,0.0507892289448461,-0.0814722651215522,0.2481390109241911,0.2607395400388451,0.4648714217001704,-0.4883590728741205,0.1054271756990643,-0.0554986045378389,0.2108394438956883,-0.1244452662580698,0.0751674046369639,0.080006623677129,0.0588173221067136,0.1435292087104906,-0.5095630046914057,0.4318876493099571,-0.3185668982363499,0.2923660769769171,0.0633716383968818,-0.4188856207704398,0.0298902217254068,0.4396498698493788,-0.2419484626586362,-0.8216640823832928,0.6911058725627753,0.3472770842538423,-0.4972452564803699,0.0348746148872408,0.4472873175241169,0.4040279392599954,-0.764891438135215,-0.5803786163151374,0.6104678734781928,0.4283178126312049,-0.516673231881224,-0.9898710280040961,0.5250946986775089,0.2762007947019022,0.6761625577758107,0.4633336859053099,-0.9923740601782192,0.0587798760355904,0.2214211643831836,-0.4685750352723741,0.2496200493825114
8,6,0.6569112214,116.0,141.0,-180.0,-0.2811921418013123,-0.1420757603867451,-0.0776236913311285,-0.0078174790024797,-0.3517720102828346,-0.3181591594999578,0.1666476996481057,-0.2097727224292302,-0.0374380803593546,0.0477799805894114,-0.4702329430961482,-0.1235577636218777,-0.4886618005606972,0.0855823128066892,0.1387109169129343,0.4966041327034202,0.0633177021650567,-0.2326891655016016,-0.1234282638327742,-0.0759161683328885,-0.0524939652028454,0.0691822145487113,0.038913672621006,0.0912603514340982,0.1603478310298156,0.3428118101484113,-0.3887681455808942,-0.3837985926743218,0.198178051981576,0.328870853754787,0.4815709626520536,0.2253196389884988,0.0700935253321581,0.0242101823660927,0.009243234350303,0.0244456081874806,-0.01487398300069,0.3872758952006472,-0.2481579243104959,-0.0807842994332117,-0.0108622038620597,-0.2401995585367277,-0.1160123297437377,-0.4011718756402526,-0.0585611831631623,-0.0624984635444186,0.0227840318992549,-0.1591962319672808,-0.2122302186348406,-0.1176330179994724,-0.3013065931751835,-0.1351700996185843,0.1127655902438917,0.4332560867861845,0.5171667385642353,0.5217427651894854,-0.5746270476254103,0.2981274194880313,0.0527955398234508,0.3744187011679834,-0.2520599337322418,-0.103673968517432,-0.1057264041146201,-0.1527548043295922,-0.0327497570835397,-0.5022256943686618,0.4335645015967147,-0.3346049480960845,0.2757584091591418,0.1366980045697419,-0.3433990119403482,0.0616872613668163,0.4396498698493788,-0.2419484626586362,-0.8216640823832928,0.6911058725627753,0.3472770842538423,-0.4972452564803699,0.0348746148872408,0.4472873175241169,0.4040279392599954,-0.764891438135215,-0.5803786163151374,0.6104678734781928,0.4283178126312049,-0.516673231881224,-0.9898710280040961,0.5250946986775089,0.2762007947019022,0.6761625577758107,0.4633336859053099,-0.9923740601782192,0.0587798760355904,0.2214211643831836,-0.4685750352723741,0.2496200493825114
9,7,0.6715290053,126.0,141.0,-180.0,-0.3489347861588407,-0.2916816029506297,-0.2412391187700821,-0.2172222544026716,0.1079066655052708,0.0348941984269354,-0.2362154058599762,-0.2113675969583784,0.1634584220677303,0.3219867713572317,-0.2288408647917921,0.1639817448173227,-0.5250198723119975,0.0396139090091696,0.0919634502432243,0.4505063834743642,-0.0661968830364613,-0.100656598013827,-0.1429884531724774,0.0305565926474955,-0.0657985900856663,-0.0283301275023585,-0.0165104844913633,0.062862642007323,0.3688477726823636,0.587257127307655,-0.044509052019749,-0.0087223273118359,0.1201740384819136,0.2074619119076667,-0.1749718179376614,0.2240458072974225,-0.244830064050153,0.0239970771407933,0.0089191794729143,0.0246885313677635,-0.0154680253419824,0.3861135213391939,-0.2486060175976839,-0.0822326753472082,-0.0080429621923368,-0.2403498899423951,-0.1162418862818064,-0.4003031440356988,0.1547876562121503,0.1032142520664824,0.1175636931546581,-0.0075157229728183,-0.1055723686047075,-0.006989879453072,-0.1207956990396042,0.0557596447431939,-0.0883329809754602,0.2426866389148108,0.2426106132312585,0.4593108504029914,-0.4876525759988538,0.1087570278152802,-0.0489217172832625,0.2095479090753268,-0.1126181691490346,0.0772184571237807,0.0811898374611194,0.0599139231317034,0.1482024509385174,-0.5065571439956681,0.4340749057842666,-0.3134345895393656,0.2840725646572725,0.0795107568751643,-0.4119143998682603,0.0386521503919866,0.4396498698493788,-0.2419484626586362,-0.8216640823832928,0.6911058725627753,0.3472770842538423,-0.4972452564803699,0.0348746148872408,0.4472873175241169,0.4040279392599954,-0.764891438135215,-0.5803786163151374,0.6104678734781928,0.4283178126312049,-0.516673231881224,-0.9898710280040961,0.5250946986775089,0.2762007947019022,0.6761625577758107,0.4633336859053099,-0.9923740601782192,0.0587798760355904,0.2214211643831836,-0.4685750352723741,0.2496200493825114
10,12,2.695367461,116.0,131.0,-135.0,-0.3419057586978986,-0.2070194257716061,0.0984323593004855,0.1908699635412401,-0.7311906930157577,0.1371414296700957,0.6010556881610029,-0.0340376062437157,-0.2871201498482811,0.2364424492124244,-0.2839403307897294,0.0822445957382055,-0.4384262682028583,-0.0347181635309864,0.2265631836808463,0.5111975309921769,0.0666942812137017,-0.130332689061354,-0.1172951051448285,-0.0192747696687389,-0.7828690047265605,0.2579456857588958,-0.3301143710864102,0.9961284682531268,0.1608561942477654,0.3456396856816309,0.4251516519641326,0.5491875787061553,0.8484978099684449,-0.0102018003357547,-0.1643618001229151,0.3040642547778617,-0.1199102867773972,0.0826730558490042,-0.0528800949456251,0.0354037706137962,0.1371082143777307,0.7201407741963594,0.143863686464624,0.4170296332844429,0.4752443438651236,-0.5771648846720963,-0.1266425266099502,-0.6680286321658411,0.5754588232767854,0.6059044814414245,0.2193010804849867,-0.2345277998173193,-0.4524012682498487,-0.5422572151196288,-0.5122795068377837,-0.4064166896931055,0.4106169670212076,-1.022042781523525,0.2813997302530786,0.4341743519597314,-0.5729983000299105,0.2588537404847533,0.0651339442281834,0.360279366344805,-0.1295630274366664,-0.0348028613246501,0.0425654509517693,-0.0542136666501251,0.0649688913851472,-0.2533110194947027,0.5824285853008667,-0.0206180702482886,0.1219217823880526,-0.329216787568724,-0.3327758462828709,0.4484719511482114,0.4396498698493788,-0.2419484626586362,-0.8216640823832928,0.6911058725627753,0.3472770842538423,-0.4972452564803699,0.0348746148872408,0.4472873175241169,0.4040279392599954,-0.764891438135215,-0.5803786163151374,0.6104678734781928,0.4283178126312049,-0.516673231881224,-0.9898710280040961,0.5250946986775089,0.2762007947019022,0.6761625577758107,0.4633336859053099,-0.9923740601782192,0.0587798760355904,0.2214211643831836,-0.4685750352723741,0.2496200493825114
11,13,2.063493443,126.0,131.0,-135.0,-0.3783518390731168,-0.3270504190813747,-0.2810501319122063,-0.2776322687834601,0.3199837359301715,0.1844654979235364,-0.4003574672547738,-0.2668925511812239,0.2437132721811324,0.3217018165554966,-0.2270348006222386,0.1704902157795943,-0.5239705372130881,0.031307334633305,0.0774399194093735,0.4503531342549161,-0.0700075828549335,-0.0774169218553983,-0.1289705461536103,-0.0079233203411255,-0.0388516584674372,-0.0010969419559369,-0.01599003528049,0.028283605326055,0.3152490389054489,0.5026385053445485,-0.3503255100820185,-0.3591753210743013,-0.1332967388590287,0.0244141811062705,-0.1069323090436109,0.1606404744442931,-0.1502682078011294,0.0225952074164771,0.0174298141963888,0.0262885762140254,-0.0104336381394683,0.3873062989065336,-0.2475724083514559,-0.0774693139443681,0.017289222584149,-0.237878775482441,-0.1111734256426374,-0.4117136576046315,0.152605276206326,0.1022668767473276,0.1077098403077319,-0.0372177511234074,0.008519683345719,0.153129097433861,-0.1527351031849672,0.0398520357005662,0.0175109960973092,0.3000530986397648,0.2176727141299819,0.453931624349879,-0.4959798887188569,0.0966814858236357,-0.0583375374412336,0.2166453412685484,-0.126526129002517,0.0824999657644426,0.1058987114586442,0.0514171321533429,0.1400329899515083,-0.5085674881999408,0.4307939077733081,-0.3169687556903071,0.2929298582103714,0.0830097548987855,-0.4028630850623839,0.0502522008163862,0.4396498698493788,-0.2419484626586362,-0.8216640823832928,0.6911058725627753,0.3472770842538423,-0.4972452564803699,0.0348746148872408,0.4472873175241169,0.4040279392599954,-0.764891438135215,-0.5803786163151374,0.6104678734781928,0.4283178126312049,-0.516673231881224,-0.9898710280040961,0.5250946986775089,0.2762007947019022,0.6761625577758107,0.4633336859053099,-0.9923740601782192,0.0587798760355904,0.2214211643831836,-0.4685750352723741,0.2496200493825114
12,11,1.5427463,116.0,141.0,-135.0,-0.274537388080305,-0.1271853388034828,0.0327351280082184,0.1084149314292303,-0.481901903564539,-0.424969795876771,0.3123569140950294,-0.1557258350676673,-0.1156795691965678,0.052108492090649,-0.4649944194240943,-0.1130612669993435,-0.4896261921781324,0.1123813150738936,0.1048503272551055,0.4871340527251588,0.078212492161296,-0.1910563279708547,-0.0999874190816991,-0.1283498965426314,-0.2288861650328728,0.18975378984949,0.0901126414728884,0.2327755120430936,0.1972211282870844,0.3878189601521136,-0.140748331516599,-0.0913886241214085,0.4423730022434335,0.5156999332604664,0.3669984366673914,0.2798508113174415,0.0173186916141884,0.0349893906343046,0.0212999251426396,0.0382056055554266,-0.0155569443651921,0.3369340015489744,-0.297532720578261,-0.1625716042404477,0.0259170960751628,-0.1300516582755315,-0.0717444871769598,-0.3261167928702817,-0.0216485934920722,0.031944423182609,0.0542229952164033,-0.1561947554006785,-0.3046329011889244,-0.2749070839559147,-0.3421428765155453,-0.1699799717090329,0.1044454020309965,0.4413907831654501,0.5015327363896274,0.5218052893879106,-0.5689624210469304,0.2782501822538103,0.0402523131631058,0.3771244241157286,-0.2565067212166735,-0.1085729892570827,-0.0548912195792362,-0.159149293145652,-0.0377004052399617,-0.5089780396589876,0.433711245997185,-0.340339836072702,0.2549831910422898,0.1409821025345253,-0.3340114517324867,0.1178857491130566,0.4396498698493788,-0.2419484626586362,-0.8216640823832928,0.6911058725627753,0.3472770842538423,-0.4972452564803699,0.0348746148872408,0.4472873175241169,0.4040279392599954,-0.764891438135215,-0.5803786163151374,0.6104678734781928,0.4283178126312049,-0.516673231881224,-0.9898710280040961,0.5250946986775089,0.2762007947019022,0.6761625577758107,0.4633336859053099,-0.9923740601782192,0.0587798760355904,0.2214211643831836,-0.4685750352723741,0.2496200493825114
13,10,1.393923248,126.0,141.0,-135.0,-0.3908475052736766,-0.3403839446989002,-0.2863322686223744,-0.2845989163946295,0.3588462024330117,0.2140744469368362,-0.4219660532991765,-0.2781218720217403,0.2444692799458732,0.3311852718525859,-0.2173970333708188,0.1863700095024465,-0.5199705867602492,0.0351043150204508,0.077545499045963,0.4549617780751195,-0.0538849763045691,-0.0784439773195684,-0.1284506182759978,-0.0418065324465736,-0.0606829184667705,0.0168007741501913,-0.0230642462430191,0.0488552951356182,0.3218284513649641,0.5060122297072253,-0.3569200106168626,-0.3686994190374789,-0.1481334546941225,0.0130012032001439,-0.1159499420630822,0.1594318357506188,-0.1484332915315356,0.0187552193191717,0.0119353512009944,0.0171934803082586,-0.0132680763800339,0.3786897332998586,-0.2550898530177196,-0.0849622461149337,0.0088301257505549,-0.2313815972662343,-0.1106533092014226,-0.4143145529747542,0.151250604946975,0.098183623929881,0.0924208758065487,-0.0483859274227646,0.0256733864714031,0.1712311507701954,-0.1490929845587477,0.0460815681357152,0.0232098550282275,0.3017876918979734,0.1932823194964515,0.4462317643750669,-0.4992708830388959,0.0953256323259006,-0.0540054643630509,0.2199108535395662,-0.1253291471416583,0.094570644304423,0.1184516800347779,0.0456722394146967,0.1413142539010046,-0.5056881486171013,0.4337058143847466,-0.3170808535814743,0.2801850538563392,0.0893640361371289,-0.3950353302164772,0.052806815630201,0.4396498698493788,-0.2419484626586362,-0.8216640823832928,0.6911058725627753,0.3472770842538423,-0.4972452564803699,0.0348746148872408,0.4472873175241169,0.4040279392599954,-0.764891438135215,-0.5803786163151374,0.6104678734781928,0.4283178126312049,-0.516673231881224,-0.9898710280040961,0.5250946986775089,0.2762007947019022,0.6761625577758107,0.4633336859053099,-0.9923740601782192,0.0587798760355904,0.2214211643831836,-0.4685750352723741,0.2496200493825114
14,3,1.782840005,136.0,131.0,-180.0,-0.456678130979556,-0.4491862498251613,-0.4700464632555885,-0.491352925646206,0.6087290568808507,0.4245818005144543,-0.4149445650489867,-0.271513359749847,0.4455603902375253,0.5173779873474253,-0.0393960175971662,0.3883119878781388,-0.5389164208362572,0.0839899586806789,-0.0278546479092091,0.3752942402665674,-0.1716635080194043,0.0798713747971073,-0.1218032851461312,0.1395826781128042,1.331069727531335,-0.6994810805992431,-0.5089965783536599,-0.5772309593661192,0.3358865809818537,0.4978309439329524,-0.4692396851814521,-0.5115599785475065,-0.3841351108861448,-0.1955699824663086,-0.3703145764649901,0.1521191089053522,-0.0691029385942409,-0.0860274000567858,0.0051421860734,-0.0565759384443033,-0.1622842117333726,0.0245539995618607,-0.5865582379853855,-0.5134128760198752,-0.5376879499778469,0.0806924850689574,-0.1074798077799979,-0.1362400754791493,-0.3185803487179917,-0.1385081909522975,0.2060731450438592,0.15187481657995,0.1546097798486817,0.3352259806599989,-0.118652129627958,0.0661935652979848,0.1427943956931387,0.3764256124753453,0.0368623915849312,0.4041873734840662,-0.4331070043198141,0.0052232718381254,-0.0705548198328747,0.1332680308820455,0.0194411862603542,0.3210604746287237,0.1944674095950004,0.1817824188125128,0.25310623046647,-0.4550369751101783,0.4517697682531009,-0.3192814414072384,-0.3784817810198446,-0.2409525835913617,-0.2836746861004338,-0.3761569614457514,0.4396498698493788,-0.2419484626586362,-0.8216640823832928,0.6911058725627753,0.3472770842538423,-0.4972452564803699,0.0348746148872408,0.4472873175241169,0.4040279392599954,-0.764891438135215,-0.5803786163151374,0.6104678734781928,0.4283178126312049,-0.516673231881224,-0.9898710280040961,0.5250946986775089,0.2762007947019022,0.6761625577758107,0.4633336859053099,-0.9923740601782192,0.0587798760355904,0.2214211643831836,-0.4685750352723741,0.2496200493825114
15,8,1.352082614,136.0,141.0,-180.0,-0.2936254884963331,-0.1871691971450342,-0.1262186479609286,-0.0729805733877362,-0.1690317490645391,-0.1863677859266016,-0.012758332591249,-0.2130178378195437,0.0482035609184261,0.1261610148255187,-0.3983815187170502,-0.0379770066251879,-0.518217236112724,0.0531188987614598,0.1012107605878833,0.4644622363375404,0.0034378873319943,-0.2082212820596366,-0.1324999641489849,-0.1022489964374864,-0.0551578042948227,0.0582311598971823,0.0025728582618186,0.082216245991386,0.2451717556753161,0.4425143088052376,-0.2481283143745557,-0.2281663891479127,0.140501316119386,0.2661416692261455,0.1972231232283463,0.2239110791646143,-0.0650888606890085,0.0290213968079397,0.0124310501442712,0.0204838326751255,-0.0146269362047747,0.3846415155441343,-0.2464734439849915,-0.0847724534694439,-0.0071222123253469,-0.235714164759785,-0.1140885895061249,-0.4019067450647626,-0.0450420653377065,-0.0167822711255475,0.0415376677978606,-0.1598144360361052,-0.1622919196509776,-0.0681893744329566,-0.2290320485175029,-0.047595194992881,0.0206677316191431,0.3505691936548602,0.4469895581258877,0.5020138542136474,-0.553904752356862,0.2276622948778578,0.0059815779420353,0.3061487515447474,-0.2376686791158568,-0.0584927123070757,-0.0505959177796564,-0.112277668334239,-0.0004691133917115,-0.525558868771537,0.4110619390198088,-0.3479180763056144,0.279276951549853,0.1576965560835765,-0.3423366111364144,0.0731213818095857,0.4396498698493788,-0.2419484626586362,-0.8216640823832928,0.6911058725627753,0.3472770842538423,-0.4972452564803699,0.0348746148872408,0.4472873175241169,0.4040279392599954,-0.764891438135215,-0.5803786163151374,0.6104678734781928,0.4283178126312049,-0.516673231881224,-0.9898710280040961,0.5250946986775089,0.2762007947019022,0.6761625577758107,0.4633336859053099,-0.9923740601782192,0.0587798760355904,0.2214211643831836,-0.4685750352723741,0.2496200493825114
16,14,1.852430994,136.0,131.0,-135.0,-0.3549119038618013,-0.2609075307369803,-0.0144528745567242,0.0566055923073971,-0.2525316325931714,-0.2407796022508778,0.0105142942220658,-0.1734212565634175,-0.1571973348731678,0.2824525137402375,-0.2437780676436996,0.1335414705437708,-0.471793826267818,-0.0768262292889261,0.1787215698900924,0.472485389972149,-0.0252746499927006,0.251071633295041,-0.1075557619885729,0.3910211126672828,-0.8427347550786071,0.2035812957743347,-0.3385041656852437,0.9438257481834844,0.311492598837266,0.5296518418017382,0.1829514990107718,0.2738766886998691,0.5915284205277016,0.5979631304067922,0.0517713479085132,0.2638267156066988,-0.2562872736732977,0.1349678780572889,0.0106018067834694,0.0867362727338489,0.1194117246913647,0.7050564430385937,0.1338349921668785,0.4014438573600126,0.4606183624811663,-0.2662315153130294,-0.1446413898894799,-0.0441221995156283,0.5962764466000459,0.6137207922362437,0.1605903344047621,-0.2081075672979031,-0.3108299544463518,-0.3035420149242399,-0.3153704651231445,-0.1554942401160669,-0.0126482454973411,0.3456508768283845,0.3673628922198741,0.4470324733271125,-0.5516506927696766,0.1800842671592282,0.0047987613133163,0.280686832844494,-0.1272579859603731,0.0040271351486505,0.0978899565397182,-0.004902004313618,0.094125168413428,0.5282759902939003,0.5482165509828122,0.5130345512675093,0.1557634882042778,-0.3161478310019921,-0.3522373635276066,0.3636338413932652,0.4396498698493788,-0.2419484626586362,-0.8216640823832928,0.6911058725627753,0.3472770842538423,-0.4972452564803699,0.0348746148872408,0.4472873175241169,0.4040279392599954,-0.764891438135215,-0.5803786163151374,0.6104678734781928,0.4283178126312049,-0.516673231881224,-0.9898710280040961,0.5250946986775089,0.2762007947019022,0.6761625577758107,0.4633336859053099,-0.9923740601782192,0.0587798760355904,0.2214211643831836,-0.4685750352723741,0.2496200493825114
17,9,1.47276869,136.0,141.0,-135.0,-0.2936316641530007,-0.189598558683084,-0.1404576600088973,-0.0910227807915334,-0.1362762583915517,-0.1683019232970489,-0.0365838183496459,-0.2229362538582904,0.0627082178788699,0.1453848050554541,-0.3809229567059133,-0.0151094975907807,-0.5200225708553967,0.0819946056279026,0.0735883612476834,0.4550340894770122,0.0240616848551407,-0.1988382344378304,-0.1262254314216312,-0.1567584051692631,-0.2794273966186448,0.2202813341708717,0.0812687359321267,0.2646651201083692,0.2565436975199779,0.4436640133271814,-0.2709620688932343,-0.2441256273324647,0.0968516816749808,0.2369639686831344,0.1822368298790036,0.2297957158422046,-0.050887400047483,0.0176014819615926,0.0151015809925829,0.0129161350127722,-0.013817118140853,0.342954414607973,-0.2859972543038251,-0.1599450100929754,0.0462125228790781,-0.1318035961904399,-0.0696316347262328,-0.3253832701251844,0.0118870500293152,0.0851758720225626,0.0773495666765641,-0.2087748469349462,-0.1386605834279991,-0.0446614850892626,-0.2254630614359243,-0.0324708527910689,0.0155400603700135,0.3486604923415519,0.4356222700250909,0.5019231505617222,-0.5513030775817713,0.2159857301345548,0.0042942385251632,0.3097435702327503,-0.2316468843072693,-0.0688282354779497,-0.0050150117139719,-0.1123448671055332,-0.0002179375224497,-0.5293056986282311,0.4128759047690771,-0.3554354526258963,0.2332005766037727,0.1532686342089921,-0.3320194868473119,0.1257408351064131,0.4396498698493788,-0.2419484626586362,-0.8216640823832928,0.6911058725627753,0.3472770842538423,-0.4972452564803699,0.0348746148872408,0.4472873175241169,0.4040279392599954,-0.764891438135215,-0.5803786163151374,0.6104678734781928,0.4283178126312049,-0.516673231881224,-0.9898710280040961,0.5250946986775089,0.2762007947019022,0.6761625577758107,0.4633336859053099,-0.9923740601782192,0.0587798760355904,0.2214211643831836,-0.4685750352723741,0.2496200493825114
18,18,2.319067893,116.0,121.0,-90.0,-0.3352777802657902,-0.327148409932989,-0.5848160872937311,-0.1821912428204543,0.0461710795627094,-0.0380230311797802,-0.9388305772525033,-0.1559469483911974,0.2601602197395388,1.427223294560882,0.8483359866239758,0.9016061310924071,0.0521979350951605,0.4402827451165059,0.54091099206002,0.6128051663072155,-0.3099834563524205,-0.2605230871157183,-0.5640967477177933,-0.4273013889176562,-1.3611087705085123,0.5629027914645771,0.1564779310539044,-0.1964441205046223,0.1236597011973605,0.3342523834043645,0.2446490828413841,-0.2949391001342722,0.4025837572641628,0.1403494354011221,-1.334254960777436,0.0778394395714263,0.6001942629391234,-0.2588197082857927,0.8869986893138677,1.1527676981121722,0.3222300861848859,0.897493910659511,0.3510090795280347,0.6702454462589775,1.3831591540329542,-0.4364451591669706,0.0243812931391365,-0.5210679729140495,0.1272393682086703,0.539168780051464,0.25665212820578,-1.0138722491980716,0.3367866265066274,0.4428918016164236,0.114415881586689,-0.4374433481918431,0.2772853212445982,0.050497116710406,0.2663073931642331,-0.372802967723446,-0.8315593658841552,0.1778108983272145,0.0358149012467446,0.4250167171549519,0.6654318413309408,0.4914854919441527,0.1926920457674454,-0.0783182962291935,0.3164714492250646,-0.2729157402537935,0.0365335889853457,-0.4472511389902911,0.4128127719319289,-0.3063827897655104,-0.3976050344524627,0.3956419184782731,0.4396498698493788,-0.2419484626586362,-0.8216640823832928,0.6911058725627753,0.3472770842538423,-0.4972452564803699,0.0348746148872408,0.4472873175241169,0.4040279392599954,-0.764891438135215,-0.5803786163151374,0.6104678734781928,0.4283178126312049,-0.516673231881224,-0.9898710280040961,0.5250946986775089,0.2762007947019022,0.6761625577758107,0.4633336859053099,-0.9923740601782192,0.0587798760355904,0.2214211643831836,-0.4685750352723741,0.2496200493825114
19,19,1.74166997,126.0,121.0,-90.0,-0.7193127627725319,-0.6875580166896625,-0.4494060410750969,-0.1283631570895971,-0.5525213530321738,-0.6311983795343753,0.9145719593477463,-0.3737827900488608,0.2673405729513059,1.4774968946231235,-0.0114840705234357,0.2873721156057306,-0.3712578036494754,-0.462288077543908,0.1071385026493602,0.0729325127230038,0.6252263388151658,-0.4946225673914371,-0.6828748884650118,-0.5032985869001809,-0.4748977652304407,-0.3614973142511334,-0.4834725243819025,0.7555440016978864,-0.112063539122615,0.0751918240723493,0.3147218545210898,-0.0133170762254399,-0.0026987560933194,-0.2245039984736192,0.2127542794972023,-0.1307359116049147,0.6978892475044025,-0.5123176784983436,0.4811496030764603,0.4720543837976882,0.2091629367452405,0.9014090478900083,0.6376827771215533,0.9361255499903502,0.237078409927609,-1.0489397471252166,-0.2090012186012351,-0.99758204524826,1.5173510092098823,-0.276626620857862,-0.44572041966666,-0.1018753616969324,0.3408792252759713,0.4771079208278263,-0.1492930708466163,-0.3682134710596078,0.363777887473419,0.0948942899908863,-0.6792057152119901,-0.3096543027055498,-0.4794302208052003,-0.3195502369005094,-1.237431240540169,-1.602494498760432,0.6900161619827186,0.5340588355323214,0.483604717511664,0.1765675191923021,0.0160353152013487,-0.4455611625322076,0.2459689985057031,0.3905014595850796,-0.3707280493896908,0.5709393153765546,0.1140335516728277,-0.2440098967151794,0.4396498698493788,-0.2419484626586362,-0.8216640823832928,0.6911058725627753,0.3472770842538423,-0.4972452564803699,0.0348746148872408,0.4472873175241169,0.4040279392599954,-0.764891438135215,-0.5803786163151374,0.6104678734781928,0.4283178126312049,-0.516673231881224,-0.9898710280040961,0.5250946986775089,0.2762007947019022,0.6761625577758107,0.4633336859053099,-0.9923740601782192,0.0587798760355904,0.2214211643831836,-0.4685750352723741,0.2496200493825114
20,35,1.634621251,116.0,121.0,-45.0,-0.0496090461595725,0.5519285800282399,1.241862307003009,1.2721686154785241,0.8982929642746578,0.9375999773287074,1.5775911993783927,-0.379525286715702,-0.1746396710598141,0.8352476692860696,-0.5290551653886316,0.7739562309718762,-0.7015986885351384,0.5961175535446123,0.41185608921824,0.6828706170983676,-0.3011672161364194,-0.7064072263168224,-0.658793835270645,-0.7124285485396167,-0.7040185865548219,-0.5066479667760193,-0.5895794131008989,-0.0814361803832858,-0.0563577211481677,1.172902071629882,0.2785400518384276,0.0824013149255499,-0.998259742451656,-0.7699546194469175,0.8559101178443833,-0.3145590889435371,-0.850175585285722,0.4044512225586083,-0.3578230717971642,0.202539136277074,-0.1725909525386307,-0.0205676330010205,-0.6203258552437495,-0.5941553080267137,0.7233921544097844,0.1501628970128027,-0.0848793000121952,-0.0791864338714686,0.8237429966260594,1.3373238885051475,0.8435857863095585,-0.315452944293488,-1.3177642840702792,-0.0504962247833264,-0.2112746394503051,-0.1309334870810115,0.2960211090901668,0.0267754567071094,-0.0218876727082014,-0.7124098851552194,0.2535997674803321,0.2546222850040583,0.2433084178747468,0.2852944932932912,-0.1676699532485247,0.5718834669959666,0.6290578267322715,0.2921346824264655,-0.1853818649406542,0.1557183182176934,0.320063543472283,0.0596814410096422,0.2411834606436798,-0.2881602276982512,-0.2748809615730841,0.1634460820243412,0.4396498698493788,-0.2419484626586362,-0.8216640823832928,0.6911058725627753,0.3472770842538423,-0.4972452564803699,0.0348746148872408,0.4472873175241169,0.4040279392599954,-0.764891438135215,-0.5803786163151374,0.6104678734781928,0.4283178126312049,-0.516673231881224,-0.9898710280040961,0.5250946986775089,0.2762007947019022,0.6761625577758107,0.4633336859053099,-0.9923740601782192,0.0587798760355904,0.2214211643831836,-0.4685750352723741,0.2496200493825114
21,34,1.405956021,126.0,121.0,-45.0,-0.5144338969719686,-0.502512100214601,-0.3709050235542395,-0.3740073227144565,0.7746705539547906,0.5616895487779578,-0.699289353582629,-0.3570051896324876,0.3061800751170677,0.4670174574948255,-0.0898967733562031,0.3124476778215937,-0.5590683530459393,-0.0129684040917941,0.0174254054808664,0.4122828184265673,-0.1135948177214213,0.068733302223018,-0.023593920456319,0.0563748359993992,0.1166384400679646,-0.0201296907480983,-0.0510940752541841,-0.2100574619329955,0.2516057044771742,0.3811576671876261,-0.6701570934587254,-0.7583957836538062,-0.3981583508048452,-0.1693031665233758,-0.1310232944986103,0.0443693049476968,-0.0616749871940665,-0.0022621573648969,-0.0070791375622857,-0.0121627398011099,-0.0332987532398379,0.3529393930984868,-0.2763511245216756,-0.1146982180915632,-0.011379055050529,-0.246012607889565,-0.1289803811811808,-0.4312494611411388,0.0855608677777078,0.1726756589873664,0.1857946732334702,-0.0438112343800965,0.1878561456721399,0.3818324424078136,-0.2708352853998442,-0.0805943817235976,0.3208250863337623,0.4982807302426366,-0.074171501608218,0.3752591789581724,-0.525515276785921,0.0909081046834917,-0.0210233168493867,0.2346748073051553,-0.225695567289463,0.0095715344183277,0.0378851525713547,-0.0353859951541215,0.0478270365155014,-0.5685502032908041,0.3647382564518258,-0.3949026365109967,0.411908061771048,0.0779410826782758,-0.4257153887450014,0.1084056996094452,0.4396498698493788,-0.2419484626586362,-0.8216640823832928,0.6911058725627753,0.3472770842538423,-0.4972452564803699,0.0348746148872408,0.4472873175241169,0.4040279392599954,-0.764891438135215,-0.5803786163151374,0.6104678734781928,0.4283178126312049,-0.516673231881224,-0.9898710280040961,0.5250946986775089,0.2762007947019022,0.6761625577758107,0.4633336859053099,-0.9923740601782192,0.0587798760355904,0.2214211643831836,-0.4685750352723741,0.2496200493825114
22,20,1.506109032,136.0,121.0,-90.0,-0.4455328467844338,-0.5070819634171286,0.300136512821551,0.1898717294971165,0.008108270204009,0.0883013261491124,-0.470454748469374,-0.4831502370162624,0.3995556442970374,-0.1103446933877038,0.7753931999715571,0.9753937755552424,-0.615744046799197,-0.7620669515490774,-0.3665165905406384,-0.2324127556493691,-1.2148865702046736,-1.1399609966777937,-0.6954830489185386,-0.9072656946081687,0.7566514923134541,-1.0758945704433105,-1.4864786284388087,-0.5087709366872349,0.3627311935090481,0.4727954103067002,0.3202466000647731,0.2118837179451569,-1.2015931624191543,-1.277921585704357,-0.3863910553525453,0.2694149430429017,-0.6789831529974233,1.218134792574664,0.2349783336918012,0.31619621689342,0.1536922692758148,-0.530979960451839,-0.3752180496688356,-0.7485634502939376,-0.6926450658642327,-0.4995261808474895,0.0737352715934305,-0.5288712748856299,0.0286960305189923,1.1049836981346801,0.2482070709229649,-0.5992138122886703,0.6895484107445456,0.500193460175439,0.3517357022786979,0.2002607040365035,0.0638660796910962,-0.2845116036704046,0.7242822576699385,-0.5315617508563878,0.277873663382544,0.1018676762228772,-0.0929072703463045,0.3265349981463209,0.3324068670724716,0.458570697308135,-0.0051006189748168,0.1719068816028945,-0.5408226049011933,0.149014076755045,-0.4551208133618286,0.063416362416542,-0.1812583939928666,0.6213812255329019,0.1278415977138561,0.4676832994598216,0.4396498698493788,-0.2419484626586362,-0.8216640823832928,0.6911058725627753,0.3472770842538423,-0.4972452564803699,0.0348746148872408,0.4472873175241169,0.4040279392599954,-0.764891438135215,-0.5803786163151374,0.6104678734781928,0.4283178126312049,-0.516673231881224,-0.9898710280040961,0.5250946986775089,0.2762007947019022,0.6761625577758107,0.4633336859053099,-0.9923740601782192,0.0587798760355904,0.2214211643831836,-0.4685750352723741,0.2496200493825114
23,33,1.448714588,136.0,121.0,-45.0,0.6302534355794394,0.5708729071555446,-0.2807079073227302,-0.365983972045441,0.2634431918643967,0.425078613218127,1.5910959334814367,-0.3804745563698634,0.8450280560969791,0.8738853532174468,0.5931955382268042,0.8286242079295808,-0.7615365571035296,0.4177501000587758,0.0881051265672959,0.3268940254373125,0.0310673918781614,-0.6311929555203594,-0.6832171673485302,-0.6404734965202148,-0.6105213143317284,1.2295587375644208,-0.4354644937614142,-0.1539252900148275,0.6713460754928892,0.4585527224729029,1.1959535314472949,1.3725189487873837,0.2352631098154588,0.5282268671603193,-0.1498336440790911,-0.1571895132855458,-0.2123849313182669,0.8132254772555673,0.5030771936223641,0.6001328553604754,-0.0712947609233065,-0.114294322137204,-0.6410857045573771,-0.6821345456067431,0.7137032635520111,0.6044656742974431,0.1387214697357568,0.3521052984889196,0.7481195152613042,-0.3503022067789141,1.1100458447804082,0.0472643499039104,-0.4769918325390778,-0.4355164220747632,-0.5864420446506856,-0.5071698352346639,0.3672636508033152,0.2082094171938664,0.7014499089952968,-0.41722371756036,-0.0120859409579448,0.1448371038211625,0.5281010420801019,0.1274311548849972,-0.0051212478869368,0.4939701746942717,0.5944385406913921,0.2366484526879845,-0.2257488075164533,0.1785727380807237,0.4372459977133158,0.1558284945453946,0.4639743667112366,0.0157264157479044,-0.4054995749742475,0.343435709674236,0.4396498698493788,-0.2419484626586362,-0.8216640823832928,0.6911058725627753,0.3472770842538423,-0.4972452564803699,0.0348746148872408,0.4472873175241169,0.4040279392599954,-0.764891438135215,-0.5803786163151374,0.6104678734781928,0.4283178126312049,-0.516673231881224,-0.9898710280040961,0.5250946986775089,0.2762007947019022,0.6761625577758107,0.4633336859053099,-0.9923740601782192,0.0587798760355904,0.2214211643831836,-0.4685750352723741,0.2496200493825114
24,23,1.511858809,116.0,131.0,-90.0,-0.559207180480922,-0.7000342266172501,0.8727829845301899,0.8662596052529222,-0.4472964666658527,-0.323981310701524,0.1816295581385866,-0.4538713583627621,0.4581596518664874,0.8261035052731024,0.5812611547719208,0.70913566366403,-0.4626518105424015,-0.6835934569061848,-0.3236266499728095,-0.2391526698337834,-1.2735101889313636,-1.3841999284574862,-0.8353436636219171,-1.1461178688693243,0.1746648732839641,-0.5738839986975979,-0.6749986638901355,-0.7916775993480729,0.4631691949558699,0.6228477069148053,0.1980333942471839,0.0393202964386156,1.0855520771375746,0.806549779453082,-0.7885056674693052,0.4475438509538032,-0.9709095623414755,0.3284903431591232,0.102819216428971,0.1331502844120795,0.2675050889025439,-0.4009589326311349,-0.2055174880497109,-0.6262775327430192,-0.3099586297867925,-0.3735669738041605,0.0900274511826286,-0.4356269793351218,-0.0032874557807334,1.2508311227537638,1.264871963169198,-0.5241328194953812,0.3788115244206833,0.4622050424401205,0.4903153275569372,0.3473453446294868,0.2197770769225945,0.0192682376555436,0.4986721659476741,-0.347338642616908,0.2433660255777176,0.2916739218213005,-0.1690766979816239,0.2837869192528644,0.4933642913313683,0.5176781029758034,0.0397271593198754,0.1208759716613643,-0.4229117765723165,0.0737943443595074,-0.5376027245356043,0.025434183308408,-0.2717142546736694,0.4196659168248393,-0.0786821516784777,0.4427121309207502,0.4396498698493788,-0.2419484626586362,-0.8216640823832928,0.6911058725627753,0.3472770842538423,-0.4972452564803699,0.0348746148872408,0.4472873175241169,0.4040279392599954,-0.764891438135215,-0.5803786163151374,0.6104678734781928,0.4283178126312049,-0.516673231881224,-0.9898710280040961,0.5250946986775089,0.2762007947019022,0.6761625577758107,0.4633336859053099,-0.9923740601782192,0.0587798760355904,0.2214211643831836,-0.4685750352723741,0.2496200493825114
25,22,1.142212106,126.0,131.0,-90.0,-0.4009835535948015,-0.3525465880112353,-0.3861692338377657,-0.3871548905324129,0.2929498918476275,0.1687176742505926,-0.2456702027660991,-0.2942873706967064,0.240634762292332,0.3870529417183042,-0.165400717073711,0.2071710902068802,-0.5250870333917548,0.0178153086593568,0.0559867557515349,0.4549296071853706,-0.0319191933294832,-0.1033166347960144,-0.1444858870180518,-0.1285983573619013,-0.1429699644195076,0.0072387287415182,-0.083603387232433,0.1059390891969474,0.2847851044256244,0.4673742690893247,-0.358448173481927,-0.3723259364949293,-0.1933093523773829,-0.0080085312510259,-0.1623134466678902,0.1686794093954928,-0.1139805769045952,-0.0144960990923166,-0.0155594982388438,-0.0265337909440196,-0.0230344650817189,0.3789898859882397,-0.2479335752017602,-0.0884700184089594,0.0195178864888351,-0.2548831015967872,-0.1237910105279251,-0.0695000187122278,0.1403843831977369,0.0987137211035155,0.0795983942286142,-0.0507056906819259,0.050252421651733,0.1775047156458391,-0.1236142483370704,0.0918871992508902,0.0877847140991982,0.3774539749524751,0.2313141281396071,0.4366433944820282,-0.5064549295147013,0.0873027116448317,-0.0489480580133384,0.2353259748203212,-0.1170370345433821,0.0883317784008874,0.120531984401177,0.0387026336849499,0.1420716302885679,-0.4966479625048512,0.4360638176865458,0.5435962604716625,0.2452361727479856,0.1005776455257265,-0.4002826831852752,0.0396568515674958,0.4396498698493788,-0.2419484626586362,-0.8216640823832928,0.6911058725627753,0.3472770842538423,-0.4972452564803699,0.0348746148872408,0.4472873175241169,0.4040279392599954,-0.764891438135215,-0.5803786163151374,0.6104678734781928,0.4283178126312049,-0.516673231881224,-0.9898710280040961,0.5250946986775089,0.2762007947019022,0.6761625577758107,0.4633336859053099,-0.9923740601782192,0.0587798760355904,0.2214211643831836,-0.4685750352723741,0.2496200493825114
26,24,1.064971205,116.0,141.0,-90.0,-0.2645473322483147,-0.1456137928474143,0.0548739513671882,0.1386051154208132,-0.3443782496110846,-0.3128563513984179,0.0816758920596018,-0.1831191153728312,-0.1059735794912084,0.1156014027482586,-0.4110321335558459,-0.0868126907108674,-0.4750469141835467,0.1232178747424644,0.0835622550670992,0.4965022699131088,0.0840960037997944,-0.1087831344631557,-0.0702453850193842,-0.1171075669472139,-0.0026666506062588,0.1841528808609542,0.0687826055245632,0.0913194693812038,0.2666299463986627,0.4617237662812003,-0.1314518763989203,-0.1015920237235913,0.4044963044448459,0.4961764685915685,0.3706150155426872,0.2818851744403073,-0.0199504637231085,0.1000977967804389,0.081551738372104,0.1072758408788458,-0.0091353337150671,0.3230222741907722,-0.3039355564848063,-0.197320763598496,-0.0263270360798672,-0.0619636215290697,-0.0452336060060805,-0.2683201993426612,-0.0529326801970643,-0.0503221247366923,0.0022956784943585,-0.1393850739553593,-0.2735866212806333,-0.2346010215680952,-0.364168456529727,-0.1698462822371764,-0.0117696867028831,0.3368588814642085,0.4808733836905326,0.5362362659460952,-0.5380631788789537,0.2353489651993409,0.019090853823957,0.3569439598132216,-0.2396229911592163,-0.068559953607174,-0.0331983258879,-0.1334918133296775,-0.0104599918365935,-0.4847504343106785,0.4567124944939642,-0.3441861544662119,0.3006078859193795,0.1710495253625681,-0.3252738835045453,0.1774082539557227,0.4396498698493788,-0.2419484626586362,-0.8216640823832928,0.6911058725627753,0.3472770842538423,-0.4972452564803699,0.0348746148872408,0.4472873175241169,0.4040279392599954,-0.764891438135215,-0.5803786163151374,0.6104678734781928,0.4283178126312049,-0.516673231881224,-0.9898710280040961,0.5250946986775089,0.2762007947019022,0.6761625577758107,0.4633336859053099,-0.9923740601782192,0.0587798760355904,0.2214211643831836,-0.4685750352723741,0.2496200493825114
27,25,0.9161186211,126.0,141.0,-90.0,-0.4013738530292298,-0.3547168144304099,-0.3781994052298246,-0.3804920201527641,0.2996988222048009,0.1786391436839359,-0.2543777867180204,-0.2948878391074643,0.2373689412449667,0.3883098564479991,-0.1653102855743269,0.2052761628086157,-0.5250926680541421,0.0195890915029192,0.0547198574510326,0.4559864033988274,-0.0298652672398832,-0.1011006414474003,-0.1416817732616217,-0.1251762479848619,-0.1368268186477856,0.0049058503007182,-0.085362869446635,0.0962150233403685,0.2981232436411165,0.4844568835813136,-0.3353401148781984,-0.3551913984711473,-0.1834362749355758,-0.0033780448969909,-0.1716202488585449,0.174806839614449,-0.1163097332523726,-0.0074687881862684,-0.0101703329694537,-0.0134682456301504,-0.0302499455336504,0.3722458861895517,-0.2547638996064972,-0.1004771550840998,0.0077176821811053,-0.2524397547743062,-0.1274761881551127,-0.0789702021166677,0.1306091122390326,0.0918467903658268,0.0768674845395596,-0.0520025007949639,0.0492862417816286,0.1773872101245306,-0.1197211539731386,0.0921323257387558,0.0710288644978111,0.3625338972545952,0.2189059650004327,0.4366664919433354,-0.502040367982903,0.0850382199377843,-0.0496437198652638,0.2362285834411523,-0.1188081963047093,0.0853195147172018,0.1160446067150605,0.0353335908562545,0.1394354968010704,-0.4985373216866975,0.4340644992690517,0.540220046611608,0.2491710876001204,0.1028877459058177,-0.4030720817309732,0.0402726275982838,0.4396498698493788,-0.2419484626586362,-0.8216640823832928,0.6911058725627753,0.3472770842538423,-0.4972452564803699,0.0348746148872408,0.4472873175241169,0.4040279392599954,-0.764891438135215,-0.5803786163151374,0.6104678734781928,0.4283178126312049,-0.516673231881224,-0.9898710280040961,0.5250946986775089,0.2762007947019022,0.6761625577758107,0.4633336859053099,-0.9923740601782192,0.0587798760355904,0.2214211643831836,-0.4685750352723741,0.2496200493825114
28,30,1.83168363,116.0,131.0,-45.0,-0.2307285394526025,-0.3794533741436703,0.6133522128535174,0.6832143843061266,0.8531263034504951,0.8359040032538909,1.0941448784827437,-0.0917535106137813,0.0372912096072105,0.8819662126150218,-0.5052999004701179,0.7837174488371424,-0.1429079915489975,0.5342484925380238,0.2549876718459786,0.5592640793462156,-0.0381657430520031,-0.7544391755411708,-0.7288931028557382,-0.7783913248931537,-0.704630677283044,1.3139339489219786,-0.5046520778331831,-0.2162308252662515,0.4956815687297145,0.6776335035659614,1.227709678177522,1.403507984162478,0.1640167866891276,0.4950289635697354,-1.058837465044711,0.1106350933039892,-0.9324322964126119,0.6763921895900374,-0.5774048237595509,0.4614039330827311,-0.1086214338176894,-0.0477455927650495,-0.612372541765085,-0.5899365769163448,0.6785037207060054,0.3626480178035892,0.0205166402730262,0.1115933264226977,0.5735220836648149,-0.4122965245004044,0.9537953520262195,-0.2074290347057958,-0.871315438198405,-0.8421336441773153,-0.7124879381213749,-0.6679455434166239,0.1522932993066039,0.0071234998573989,0.4802308858258649,-0.2609142282953644,0.1164950613304053,0.1801720797990932,0.4060819100777524,0.1623189495254762,0.7273137591984995,0.5398176757197785,0.5240346019583491,0.2134643482065254,-0.1693865353012794,0.1536512866742681,0.3543814024861708,0.0978533753033032,0.41926599740052,0.2238146883709268,-0.3305605382594218,0.2278435347632406,0.4396498698493788,-0.2419484626586362,-0.8216640823832928,0.6911058725627753,0.3472770842538423,-0.4972452564803699,0.0348746148872408,0.4472873175241169,0.4040279392599954,-0.764891438135215,-0.5803786163151374,0.6104678734781928,0.4283178126312049,-0.516673231881224,-0.9898710280040961,0.5250946986775089,0.2762007947019022,0.6761625577758107,0.4633336859053099,-0.9923740601782192,0.0587798760355904,0.2214211643831836,-0.4685750352723741,0.2496200493825114
29,31,1.103137775,126.0,131.0,-45.0,-0.3344800312647777,-0.2525083272474088,-0.2374347438013097,-0.2002624435019859,-0.3833788656875692,-0.3068091142794535,0.1356361439333684,-0.0345271266629,-0.0503016099826501,0.4478114622543093,-0.1078804154086724,0.2786907749436812,-0.5507255752985493,-0.0020730517408175,0.0325670827050254,0.4234607289580782,-0.0836411677600113,0.0524504597762837,-0.033892517453757,0.0248773895873431,0.0848631963483249,-0.0267550609141692,-0.0695628801998255,-0.1776523973486779,0.3850696159393274,0.6044790359314787,0.671441237432268,0.7949997475774865,0.5501924871035633,0.5111724934816038,-0.5878670645813078,0.3527028013572323,-0.2965708711676222,0.0238200162095464,0.0110139899282765,-0.0008723664392565,-0.026603944905085,0.3607487910855681,-0.2672171002818918,-0.0982553911929797,0.0043344145360201,-0.2508273354116891,-0.1256196280004448,-0.4442800459798386,0.0900158954978438,0.1579057262307632,0.17038925521125,-0.0188636449889965,-0.3687715856576262,-0.4162933124137181,-0.3606264935936234,-0.2251543713823367,0.0106462701989785,0.3623632498072153,0.0036146244739518,0.3945506088390898,-0.5141734746991278,0.0857588194792104,-0.031155759140383,0.2394669394068391,-0.2120825947034806,0.0043235329641131,0.0328477415608889,-0.0321615463640535,0.0556732547998152,-0.5488262394290977,0.3814609402916144,-0.3783951588745296,0.3965061312573419,0.0763129506857118,-0.4401845277532,0.1034590180039152,0.4396498698493788,-0.2419484626586362,-0.8216640823832928,0.6911058725627753,0.3472770842538423,-0.4972452564803699,0.0348746148872408,0.4472873175241169,0.4040279392599954,-0.764891438135215,-0.5803786163151374,0.6104678734781928,0.4283178126312049,-0.516673231881224,-0.9898710280040961,0.5250946986775089,0.2762007947019022,0.6761625577758107,0.4633336859053099,-0.9923740601782192,0.0587798760355904,0.2214211643831836,-0.4685750352723741,0.2496200493825114
30,29,1.009915016,116.0,141.0,-45.0,0.4050982085183934,0.26417795482263,1.2096366582138462,1.2716725891118792,-0.5384733104804826,-0.2261782452608755,0.8178053964197114,-0.4265107828431421,0.3892009554635417,-0.4165706110813557,-0.7620187906733187,-0.6164629932711352,-0.1524706347109962,-0.1866996808679059,0.3506902854496656,0.4266327309326591,0.5619060351968022,1.2486532587857124,-0.9431755883040458,1.168375954385988,0.5607059088614771,-1.1312701077336522,-0.9239567757959748,1.5394736362248889,0.5237484442484516,0.324248220164546,-0.1553493441402641,-0.3125691330116012,0.4532980545861438,0.6179396668735198,0.0148653313646314,0.3360738559566639,0.3057639464382989,0.1195946239438319,-0.0119695375821485,0.0196703326809934,0.5634584855959863,0.1032803648878252,0.4136653778869014,0.0308187749271074,-0.2724659416785376,-0.3394000493858758,0.0021796577781258,-0.1105107265176865,0.4395640833385457,0.9473366242397445,1.034103875966733,0.1559934122380722,-0.4488192490709746,-0.4413273293251427,-0.0101684097006034,0.0472799427936992,0.0168634691418306,-0.0489761939926382,0.5122193710551326,-0.5665199866326183,0.1947073250008071,0.051319389126098,-0.3793506033887992,0.0705450623301542,0.2675266303877251,-0.2695030568439715,-0.1674070536343118,-0.3373177865331518,0.0148260967783076,0.2577502024815057,-0.6021888005109298,0.1608880051560118,0.3827055475450234,0.4414502405623535,-0.0260280517741348,-0.2614829178644763,0.4396498698493788,-0.2419484626586362,-0.8216640823832928,0.6911058725627753,0.3472770842538423,-0.4972452564803699,0.0348746148872408,0.4472873175241169,0.4040279392599954,-0.764891438135215,-0.5803786163151374,0.6104678734781928,0.4283178126312049,-0.516673231881224,-0.9898710280040961,0.5250946986775089,0.2762007947019022,0.6761625577758107,0.4633336859053099,-0.9923740601782192,0.0587798760355904,0.2214211643831836,-0.4685750352723741,0.2496200493825114
31,28,0.8592406798,126.0,141.0,-45.0,0.7320049550198827,0.6227642018138148,0.8920590136218571,0.9230469047392402,-0.7351206368879543,-0.3959995594492858,0.884240692562006,-0.4359274957634879,0.5083544504442624,-0.3220198000092151,-0.6989390286805727,-0.5244428637159134,0.0426884664518345,-0.1642610616869851,0.4495269249708373,0.3823215734734342,0.5635333344445087,1.1438613703805713,0.005260277530891,1.0161863044477155,0.0462237630320574,-1.105583206287587,-1.5095560112492232,1.237886372168586,-0.2190433352782321,-0.2696689728370171,-0.1752475451796508,-0.3426196507436889,0.699052232660391,0.8155203114573417,-0.3862629475886923,0.1805302615068831,0.294585121811451,0.2517212574436702,0.1024642087484487,0.1770356414449345,0.5658650028091435,0.0799739068116589,0.1938613503718458,-0.2061217035526298,-0.2512230299062787,0.1224105728924876,0.9712487003310698,0.3492764543778835,-0.5154275197068938,1.5673817159003944,0.77600963267063,0.7793252734975595,0.4386226947999607,0.2249631473293142,-0.1233318214579463,-0.0778191509558718,-0.1693152059102681,-0.1929150225459429,0.5878308261667882,-0.4651326944069643,0.119468478443505,0.083922970741271,-0.3122350993833539,0.12190587421214,0.2507255512047306,-0.2219699125689428,-0.1519995166393242,-0.2715088648224691,-0.0612319795470091,-0.0898204122145676,0.5263024519258054,-0.1016719905776998,0.3243164343605635,-0.0386372829275951,-0.3848723200932858,-0.4790785444044214,0.4396498698493788,-0.2419484626586362,-0.8216640823832928,0.6911058725627753,0.3472770842538423,-0.4972452564803699,0.0348746148872408,0.4472873175241169,0.4040279392599954,-0.764891438135215,-0.5803786163151374,0.6104678734781928,0.4283178126312049,-0.516673231881224,-0.9898710280040961,0.5250946986775089,0.2762007947019022,0.6761625577758107,0.4633336859053099,-0.9923740601782192,0.0587798760355904,0.2214211643831836,-0.4685750352723741,0.2496200493825114
32,21,1.436734052,136.0,131.0,-90.0,-0.7619283841366873,-0.3964820652533855,0.4382251359866984,0.3482846114544597,0.3681751868595189,0.3318610477916267,-0.5644126859569634,-0.3695449402972184,-0.0150080135702347,0.8446844850906168,0.6575408819810524,0.7845180728882036,-0.4079624523757554,-0.8210438239026708,-0.4502805785131687,-0.5010129879808675,0.1629343878838427,-1.3376095729098865,-0.811444476185243,-1.082334095587271,0.0308999152609948,-0.5567880146891372,1.5980139666491393,-0.760879100114027,0.4547228659379351,0.5827528244660365,0.1374771151314901,0.0286349484326393,-1.1003444743789337,-1.2075768030677523,0.0125677118667242,0.1602508385321615,-0.8454126073059139,1.1068569217359394,0.6935817440447649,0.8923707540609028,0.4211850897862184,-0.1477197717923804,-0.1006270401204617,-0.5147267139028313,1.320590189575901,-0.5609842118337858,0.0149966211342597,-0.5758427014921527,0.4533818609312027,1.7396391373796518,-0.1225629183019809,-0.6556411609111058,0.1672847975634347,0.5805848973498495,0.423118309611882,0.2971821235702769,0.170843969887912,-0.175981801491701,0.9323966159838354,-0.3989259909996061,0.1472231679654488,0.2119646703117426,-0.1286404925850932,0.2761145434471108,0.4022381003388943,0.4787782727166597,-0.024856222103809,0.0823973680892739,-0.545837206645984,0.0051392807981588,-0.5232417220051744,-0.0192011737765252,-0.2835446402512107,-0.0604529917105629,0.183417830211225,0.4145450808152305,0.4396498698493788,-0.2419484626586362,-0.8216640823832928,0.6911058725627753,0.3472770842538423,-0.4972452564803699,0.0348746148872408,0.4472873175241169,0.4040279392599954,-0.764891438135215,-0.5803786163151374,0.6104678734781928,0.4283178126312049,-0.516673231881224,-0.9898710280040961,0.5250946986775089,0.2762007947019022,0.6761625577758107,0.4633336859053099,-0.9923740601782192,0.0587798760355904,0.2214211643831836,-0.4685750352723741,0.2496200493825114
33,26,1.038090312,136.0,141.0,-90.0,-0.2985310751355837,-0.2144905584394367,-0.1651441955762911,-0.1212017717579885,-0.0495662415229873,-0.0846527672672792,-0.1184653804875695,-0.239670066748797,0.0856811970155146,0.2355230489125488,-0.3027441978784794,0.0398739109310741,-0.5200242918250741,0.0788144617201054,0.0437360470781529,0.4518316714107292,0.0380998933270722,-0.1470149419842365,-0.1146790961757269,-0.1776180977975341,-0.0813410531000755,0.1543969103767972,0.0173379021444492,0.128850266929174,0.2920082519839911,0.4818317445852081,-0.2358268597898138,-0.2287996129849678,0.0467878547040367,0.1871754581032867,0.0998171814625147,0.23746483772037,-0.0586971011845593,0.0581173025090047,0.0577395408319833,0.0531400034997588,-0.021122043313682,0.3083982294878514,-0.3158444344374089,-0.1989468616306758,-0.0191727163540406,-0.0879217178218666,-0.0602775607938122,-0.2926702121694545,-0.058201345895869,-0.0284271828670695,0.0082912161131908,-0.175539102145074,-0.0995246552370623,0.004713618811759,-0.1969650818286798,-0.0052218532216444,-0.0150181686973775,0.3243607616753762,0.3847841599511594,0.5021389481407967,-0.5243033364684038,0.1676104168611599,-0.0115553359470283,0.3029495472624825,-0.204442270400465,-0.0316142951220268,0.0117505786071212,-0.0903823201594238,0.0292808413092353,-0.5177690742376634,0.4231263124407917,-0.366296220438566,0.2624715613729051,0.1870238214708423,-0.3123503007349706,0.134207603876553,0.4396498698493788,-0.2419484626586362,-0.8216640823832928,0.6911058725627753,0.3472770842538423,-0.4972452564803699,0.0348746148872408,0.4472873175241169,0.4040279392599954,-0.764891438135215,-0.5803786163151374,0.6104678734781928,0.4283178126312049,-0.516673231881224,-0.9898710280040961,0.5250946986775089,0.2762007947019022,0.6761625577758107,0.4633336859053099,-0.9923740601782192,0.0587798760355904,0.2214211643831836,-0.4685750352723741,0.2496200493825114
34,32,1.155363884,136.0,131.0,-45.0,-0.5189443344503778,0.7096049028087443,-0.4863510905545593,1.3743238958952533,0.3080137798050605,0.5202973947500685,1.8358303093674992,-0.2862946292466625,0.8083295268893023,-0.6804685818574918,0.6553867458551457,0.8783755325770889,-0.2585370248896818,0.38205742508783,-0.0006640853800831,0.260469307281926,0.2147173960520634,-0.6165824360907068,-0.7183748070206726,-0.64678440800124,-0.6869721974095225,1.0700735989443029,1.111724231292383,-0.2103606143662151,0.316578658553302,0.3461419027533109,1.288966930141536,-0.4454307988010127,0.3531898051443705,0.5911304832596671,-0.2870877131302087,-0.0628382664483171,-0.2998570418566899,-1.175342745135518,0.7019590155305615,0.8425282003117077,-0.0048374168326216,-0.0784282696759998,-0.5733965235882207,-0.6065143366671313,0.7143062155457056,0.709141125070055,0.2088254728236645,0.4541169637686181,0.5149678776148378,-0.3769132000886774,-0.3820823633315037,0.0932410893993968,-0.9002125075376364,0.5201481572185961,-0.325418038858871,-0.2629034869218622,0.2676916493732418,0.0791467394791142,0.599583013063496,-0.3013433177984415,-0.0841223614470936,-0.3854347568784242,0.5103192956905999,0.1233034523056802,0.7321437815598227,0.4481227555647994,0.4769762753034661,0.1355604852247868,-0.2656856018614559,0.1494447295234695,0.435128382446229,0.14184091396552,0.6121694700920502,-0.0831273137419484,0.4357380257192723,0.3393365598179571,0.4396498698493788,-0.2419484626586362,-0.8216640823832928,0.6911058725627753,0.3472770842538423,-0.4972452564803699,0.0348746148872408,0.4472873175241169,0.4040279392599954,-0.764891438135215,-0.5803786163151374,0.6104678734781928,0.4283178126312049,-0.516673231881224,-0.9898710280040961,0.5250946986775089,0.2762007947019022,0.6761625577758107,0.4633336859053099,-0.9923740601782192,0.0587798760355904,0.2214211643831836,-0.4685750352723741,0.2496200493825114
35,27,0.9932814598,136.0,141.0,-45.0,-0.3237618439640506,-0.2544559422103658,-0.1807747602950572,-0.1416696025760555,0.0478950436793841,-0.0013615915349775,-0.2062456290882899,-0.2379149730304369,0.1106844429844293,0.3255021084399345,-0.2217439203155471,0.1552718558922651,-0.5119421644486233,0.0137308312512916,0.1101434177250449,0.4738532407034157,0.0342547625790334,-0.1154195437229176,-0.0960541522044568,-0.101080724922217,-0.1138761957406809,-0.1887622108937353,-0.2114525796109548,0.0391830283494854,0.3697218205014861,0.5659754546162259,-0.1273330077423195,-0.1085164760761471,0.0576612457407498,0.1794791591377244,-0.0072664237368404,0.2649761224637753,-0.1052509586044434,0.0664713209856559,0.05779960973007,0.0539452151261672,0.0106264108036234,0.4284664618432761,-0.1884050678713995,0.0241119979250608,-0.034160503734496,-0.3037301242612175,-0.1264348727148939,-0.482484511549631,-0.0585500626714103,0.0026658258945047,0.0254502409452937,0.1024704994826159,-0.0909705082806891,0.0174777002790351,-0.164412424477942,0.0212854778413733,-0.0888583054003907,0.2572843573586948,0.2944829935542286,0.4791115816163529,-0.517040769145211,0.1425957439468064,0.0035014119544919,0.2821932468283563,-0.2262081597931399,-0.0067951147754929,-0.0461564916816564,-0.1079439729921629,0.0105997053658378,-0.4945206673518385,0.4305217312666367,-0.3095416709857183,0.2639994820379892,0.0902058032532941,-0.4299720799328108,0.0217319078795868,0.4396498698493788,-0.2419484626586362,-0.8216640823832928,0.6911058725627753,0.3472770842538423,-0.4972452564803699,0.0348746148872408,0.4472873175241169,0.4040279392599954,-0.764891438135215,-0.5803786163151374,0.6104678734781928,0.4283178126312049,-0.516673231881224,-0.9898710280040961,0.5250946986775089,0.2762007947019022,0.6761625577758107,0.4633336859053099,-0.9923740601782192,0.0587798760355904,0.2214211643831836,-0.4685750352723741,0.2496200493825114
