,frame,error,x_c0,x_c1,x_c2,x_c3,x_c4,x_c5,x_c6,x_c7,x_c8,x_c9,x_c10,x_c11,x_c12,x_c13,y_c0,y_c1,y_c2,y_c3,y_c4,y_c5,y_c6,y_c7,y_c8,y_c9,y_c10,y_c11,y_c12,y_c13,z_c0,z_c1,z_c2,z_c3,z_c4,z_c5,z_c6,z_c7,z_c8,z_c9,z_c10,z_c11,z_c12,z_c13,q_c0,q_c1,q_c2,q_c3,q_c4,q_c5,q_c6,q_c7,q_c8,q_c9,q_c10,q_c11,q_c12,q_c13
0,21,0.4433138395,-0.3134428296337027,-0.0235606644316968,-0.0052113913846868,-0.0732051409162354,-0.4545204699097027,-0.192361815909594,-0.2015653984116072,0.2512945332083381,-0.2043958867569851,-0.2132022179679841,-0.0852504200631739,-0.1774335822185616,-0.0234679508677407,0.2179199028753463,-0.008790745781662,-0.0135618401745192,0.0702095500830033,0.147671139885576,-0.1309265909419779,0.332278962546445,0.2829769177825581,-0.2236677213139752,-0.181530486476202,-0.1809162904948712,-0.0446361195910923,0.0749746646207281,-0.2379983429214164,-0.1732855670059171,-0.3290439859534054,-0.1137842059849412,-0.3145797748541952,-0.1260286501569671,-0.2599685044567636,-0.1069322429529926,-0.0849162534753757,-0.1399068673785407,0.1985181792821848,-0.0004055488748179,-0.1242852202338149,-0.3274415832776955,-0.0345541928236738,0.0058794644937854,0.7009004938443082,-0.9891685370720623,-0.9957486780186164,0.9247919900323367,0.2601787127880094,-0.805871679189465,0.8690207145739897,0.0176786398462711,0.3144271706193382,-0.3998535009463813,0.4550182921582518,-0.499605228277883,0.072606333909565,0.075625275732338
1,0,0.4433138395,-0.3134428296337027,-0.0235606644316968,-0.0052113913846868,-0.0732051409162354,-0.4545204699097027,-0.192361815909594,-0.2015653984116072,0.2512945332083381,-0.2043958867569851,-0.2132022179679841,-0.0852504200631739,-0.1774335822185616,-0.0234679508677407,0.2179199028753463,-0.008790745781662,-0.0135618401745192,0.0702095500830033,0.147671139885576,-0.1309265909419779,0.332278962546445,0.2829769177825581,-0.2236677213139752,-0.181530486476202,-0.1809162904948712,-0.0446361195910923,0.0749746646207281,-0.2379983429214164,-0.1732855670059171,-0.3290439859534054,-0.1137842059849412,-0.3145797748541952,-0.1260286501569671,-0.2599685044567636,-0.1069322429529926,-0.0849162534753757,-0.1399068673785407,0.1985181792821848,-0.0004055488748179,-0.1242852202338149,-0.3274415832776955,-0.0345541928236738,0.0058794644937854,0.7009004938443082,-0.9891685370720623,-0.9957486780186164,0.9247919900323367,0.2601787127880094,-0.805871679189465,0.8690207145739897,0.0176786398462711,0.3144271706193382,-0.3998535009463813,0.4550182921582518,-0.499605228277883,0.072606333909565,0.075625275732338
2,22,0.4436464783,-0.3134428296337027,-0.0235606644316968,-0.0052113913846868,-0.0732051409162354,-0.4545204699097027,-0.192361815909594,-0.2015653984116072,0.2512945332083381,-0.2043958867569851,-0.2132022179679841,-0.0852504200631739,-0.1774335822185616,-0.0234679508677407,0.2179199028753463,-0.008790745781662,-0.0135618401745192,0.0702095500830033,0.147671139885576,-0.1309265909419779,0.332278962546445,0.2829769177825581,-0.2236677213139752,-0.181530486476202,-0.1809162904948712,-0.0446361195910923,0.0749746646207281,-0.2379983429214164,-0.1732855670059171,-0.3290439859534054,-0.1137842059849412,-0.3145797748541952,-0.1260286501569671,-0.2599685044567636,-0.1069322429529926,-0.0849162534753757,-0.1399068673785407,0.1985181792821848,-0.0004055488748179,-0.1242852202338149,-0.3274415832776955,-0.0345541928236738,0.0058794644937854,0.7009004938443082,-0.9891685370720623,-0.9957486780186164,0.9247919900323367,0.2601787127880094,-0.805871679189465,0.8690207145739897,0.0176786398462711,0.3144271706193382,-0.3998535009463813,0.4550182921582518,-0.499605228277883,0.072606333909565,0.075625275732338
3,1,0.4418648238,-0.3134428296337027,-0.0235606644316968,-0.0052113913846868,-0.0732051409162354,-0.4545204699097027,-0.192361815909594,-0.2015653984116072,0.2512945332083381,-0.2043958867569851,-0.2132022179679841,-0.0852504200631739,-0.1774335822185616,-0.0234679508677407,0.2179199028753463,-0.008790745781662,-0.0135618401745192,0.0702095500830033,0.147671139885576,-0.1309265909419779,0.332278962546445,0.2829769177825581,-0.2236677213139752,-0.181530486476202,-0.1809162904948712,-0.0446361195910923,0.0749746646207281,-0.2379983429214164,-0.1732855670059171,-0.3290439859534054,-0.1137842059849412,-0.3145797748541952,-0.1260286501569671,-0.2599685044567636,-0.1069322429529926,-0.0849162534753757,-0.1399068673785407,0.1985181792821848,-0.0004055488748179,-0.1242852202338149,-0.3274415832776955,-0.0345541928236738,0.0058794644937854,0.7009004938443082,-0.9891685370720623,-0.9957486780186164,0.9247919900323367,0.2601787127880094,-0.805871679189465,0.8690207145739897,0.0176786398462711,0.3144271706193382,-0.3998535009463813,0.4550182921582518,-0.499605228277883,0.072606333909565,0.075625275732338
4,23,0.4454965817,-0.3132009743237774,-0.0255929048452764,-0.0035392016551932,-0.0716021386581106,-0.4542426150487177,-0.1912853277534574,-0.2001298041288322,0.2511140767163874,-0.2037210570693587,-0.2129521467599685,-0.0833986449411811,-0.1771131263840789,-0.0246694150866314,0.2186883571721058,-0.008990493336445,-0.0133284127931222,0.0678083446854973,0.1441604026656517,-0.130799356754714,0.3291273492403508,0.2803719165105799,-0.2235199714838181,-0.1818489545905052,-0.1823658239670306,-0.0444357361505131,0.0737136603099471,-0.2376914310062395,-0.1737252500085848,-0.3293142174626743,-0.114937508477674,-0.3142758535329931,-0.1273369367428563,-0.2600936625245884,-0.1135461370290747,-0.0912825784357002,-0.1396383060582638,0.1954496354447272,-0.0039191838177658,-0.1276296685060513,-0.3298157389727284,-0.0345394587920245,0.0054117724908361,0.7009004938443082,-0.9891685370720623,-0.9957486780186164,0.9247919900323367,0.2601787127880094,-0.805871679189465,0.8690207145739897,0.0176786398462711,0.3144271706193382,-0.3998535009463813,0.4550182921582518,-0.499605228277883,0.072606333909565,0.075625275732338
5,2,0.439807952,-0.3140387224184957,-0.0246356678637128,-0.0029317898148519,-0.0721108949298464,-0.4546458145047638,-0.191440422510409,-0.2000386307373423,0.2511658502159306,-0.2041198486808163,-0.2126139040583619,-0.0838540009436511,-0.1766135006110639,-0.0241959504198911,0.2180872716716128,-0.0089893756129078,-0.0133433928829493,0.0668377853412228,0.1449671081846088,-0.1308196536024692,0.3291138567746959,0.2803572652076496,-0.2235985906143492,-0.1822454529044506,-0.1817408684623703,-0.0437092588290773,0.0729356664078878,-0.2373795853753514,-0.1733829626020423,-0.3285376580541143,-0.1154072057262212,-0.3151834065589846,-0.1264049861302085,-0.2606270231799472,-0.1138726048829508,-0.0912312654278407,-0.1396881510933222,0.195148428947979,-0.0036222065833382,-0.1269000111282575,-0.3305098102328649,-0.0344160831912637,0.0054433475847788,0.7009004938443082,-0.9891685370720623,-0.9957486780186164,0.9247919900323367,0.2601787127880094,-0.805871679189465,0.8690207145739897,0.0176786398462711,0.3144271706193382,-0.3998535009463813,0.4550182921582518,-0.499605228277883,0.072606333909565,0.075625275732338
6,24,0.4488165381,-0.3130559183521817,-0.0275748951834009,-0.0019077397491454,-0.0700254351652124,-0.4538627490429976,-0.1899751235514223,-0.1987291917952262,0.2509214614254602,-0.2029028365134865,-0.2128355103782895,-0.0818899770063818,-0.1765931701973277,-0.0258450410935036,0.2196070313830306,-0.0091127816890024,-0.0131140764368115,0.0653949411006587,0.1406785009725438,-0.1305646679423331,0.3259970691485433,0.2777847131943949,-0.2233852486022921,-0.182297817707562,-0.1837329737731593,-0.044319588269437,0.0725181781560023,-0.2373969221889682,-0.1742099607270082,-0.3297552282444479,-0.1159680125656216,-0.3138386369978748,-0.1287728522558178,-0.2602933996935171,-0.1199883886083336,-0.0977460810172402,-0.1393083670931962,0.1924356758571715,-0.0074434824576166,-0.1309683575392213,-0.332133437439862,-0.0345429659981325,0.0051053244624597,0.7009004938443082,-0.9891685370720623,-0.9957486780186164,0.9247919900323367,0.2601787127880094,-0.805871679189465,0.8690207145739897,0.0176786398462711,0.3144271706193382,-0.3998535009463813,0.4550182921582518,-0.499605228277883,0.072606333909565,0.075625275732338
7,3,0.4392135628,-0.3147428467370703,-0.0255071985528307,-0.0007231252105083,-0.0709710423192344,-0.4547891242599178,-0.1906407656740466,-0.1984977256461559,0.2510691280629824,-0.2039674528008973,-0.2119422414285333,-0.0825870811239932,-0.1757382928773859,-0.0248437942028048,0.2182371258730428,-0.0090950126108154,-0.0132162532895475,0.0635240326872663,0.1421993719041714,-0.1306372460467048,0.3260228601904046,0.2777736436906123,-0.2235459917904978,-0.1829583129852576,-0.1825290685061662,-0.0430147773494636,0.0711512097970923,-0.2368466966685816,-0.1735893650555342,-0.3280024001331309,-0.1169428871873498,-0.3157797008279991,-0.1267435972440233,-0.261317283144905,-0.120926535210393,-0.0974664293413157,-0.1394565336416573,0.1916741386587838,-0.006700272364259,-0.1293729511355678,-0.3336768007242691,-0.0342653501923796,0.0050672489274742,0.7009004938443082,-0.9891685370720623,-0.9957486780186164,0.9247919900323367,0.2601787127880094,-0.805871679189465,0.8690207145739897,0.0176786398462711,0.3144271706193382,-0.3998535009463813,0.4550182921582518,-0.499605228277883,0.072606333909565,0.075625275732338
8,25,0.4525598582,-0.3129480831413979,-0.0295028639665575,-0.0003625081872781,-0.0684245776525622,-0.4534259517039299,-0.1886551439364302,-0.197405816068344,0.2507216478227385,-0.2020521945461616,-0.2127730583852073,-0.0805892079781777,-0.1759376775724766,-0.0269567695599141,0.2206259945250192,-0.0091695546724752,-0.012906563504375,0.0630252106004715,0.1372155819201143,-0.1302389556584515,0.3229392133334382,0.2752240051323444,-0.2232587385150732,-0.1828385419062897,-0.1850243471759289,-0.0442859207065504,0.0713731172476098,-0.2371401835653557,-0.1747681556865667,-0.3302900836567808,-0.1169349367305239,-0.3134248360258302,-0.1302497152754515,-0.2605128184625259,-0.1263019338731577,-0.1041628165233981,-0.1389247537853988,0.1894444007756244,-0.0108966499069316,-0.1342414739624355,-0.3344750816458617,-0.0345852557391774,0.0049424403298487,0.7009004938443082,-0.9891685370720623,-0.9957486780186164,0.9247919900323367,0.2601787127880094,-0.805871679189465,0.8690207145739897,0.0176786398462711,0.3144271706193382,-0.3998535009463813,0.4550182921582518,-0.499605228277883,0.072606333909565,0.075625275732338
9,4,0.4333556795,-0.3155998700246556,-0.0261567120762962,0.0014759386888645,-0.0697974411173842,-0.4549507904315224,-0.189967595977974,-0.1970297571788642,0.2510027547103948,-0.2039183971659203,-0.2111562230262491,-0.081437751218003,-0.1748131824402238,-0.0254559009087118,0.2183687581674843,-0.0091199079733525,-0.0131271813766523,0.0601767760019335,0.1394358139909035,-0.1304135138601176,0.3230088207501048,0.2752105110132217,-0.2235138963576342,-0.1836976923769268,-0.183221086129726,-0.0423990749610968,0.0694815699076477,-0.2363873119068789,-0.1738669115166465,-0.3274572338612283,-0.1183796672486294,-0.316317241049735,-0.1271166961323578,-0.2620833005281666,-0.1279408461401794,-0.1035936837527442,-0.1392097690543452,0.1881130227143403,-0.0096944021256646,-0.1318310332770283,-0.3368142609738197,-0.0340932318351961,0.0047638017015646,0.7009004938443082,-0.9891685370720623,-0.9957486780186164,0.9247919900323367,0.2601787127880094,-0.805871679189465,0.8690207145739897,0.0176786398462711,0.3144271706193382,-0.3998535009463813,0.4550182921582518,-0.499605228277883,0.072606333909565,0.075625275732338
10,26,0.4547564107,-0.3128327895513213,-0.0313963759030417,0.0010641713620283,-0.066771433566382,-0.4529364825488073,-0.1871240128136648,-0.1959851138573726,0.2505135512618683,-0.2011688649430536,-0.2127218800553526,-0.0793654524948616,-0.1752370791043115,-0.0280268701607816,0.2217165652656984,-0.009184320026505,-0.0126962150497876,0.0606748506178251,0.1337782359115862,-0.1298534111637014,0.3199814413873648,0.2726814641741852,-0.2231349766601202,-0.1834174019827114,-0.1863346346383461,-0.0442596416251989,0.0703416295590684,-0.2369105717216644,-0.1753803668081812,-0.3309053931157753,-0.1178530923202241,-0.3130245450082741,-0.1317491805264563,-0.2607200883555953,-0.1326066166522417,-0.1106267220853299,-0.1385025118636179,0.1864930079594119,-0.0143493366898157,-0.1374452420811933,-0.3368559351764688,-0.0346770622564154,0.004906652286745,0.7009004938443082,-0.9891685370720623,-0.9957486780186164,0.9247919900323367,0.2601787127880094,-0.805871679189465,0.8690207145739897,0.0176786398462711,0.3144271706193382,-0.3998535009463813,0.4550182921582518,-0.499605228277883,0.072606333909565,0.075625275732338
11,5,0.4329487782,-0.3165067916358788,-0.0266364875229468,0.003654068127044,-0.0685815568156593,-0.4551379637709241,-0.1892863372234596,-0.1956503570478278,0.2509621320591535,-0.2039421483911221,-0.2103294348657513,-0.0803844845925331,-0.1737960357456139,-0.0260104279978735,0.2184914887396082,-0.0090705598574247,-0.013108429081542,0.0567959640393407,0.1366470004397326,-0.1301474026278451,0.3201158394900301,0.2726570609553605,-0.2234993494465934,-0.1844021557676487,-0.1838862111717466,-0.0419338640577897,0.0678769081087781,-0.2359669265968326,-0.1742037886163736,-0.3269212667102773,-0.119760551204706,-0.3168804002531074,-0.1275722034410114,-0.2628611815817304,-0.1349054044549857,-0.1096112071934256,-0.1389628300512196,0.1845651798417498,-0.0125897148586442,-0.1342797993535685,-0.3400192229317246,-0.0338935528686047,0.0045244236393197,0.7009004938443082,-0.9891685370720623,-0.9957486780186164,0.9247919900323367,0.2601787127880094,-0.805871679189465,0.8690207145739897,0.0176786398462711,0.3144271706193382,-0.3998535009463813,0.4550182921582518,-0.499605228277883,0.072606333909565,0.075625275732338
12,27,0.4575900203,-0.3127562612262116,-0.0332534854443432,0.00244731813487,-0.0651332407113153,-0.4523966314447423,-0.185619683242087,-0.1945814119027786,0.2502962710872071,-0.2002748442321836,-0.2126714535730628,-0.0783486364296688,-0.1744031673728715,-0.0290136372744008,0.2228612547658586,-0.0091630571520809,-0.0124750840994807,0.0583159603003926,0.1303974121437056,-0.1294010497485308,0.3170907952789981,0.2701726405574393,-0.22300990633989,-0.184032181667245,-0.1876627932978373,-0.0442814663186063,0.0693399437611951,-0.2366917904276302,-0.1760138496883574,-0.3315862335503146,-0.1187635501454931,-0.3126324804296707,-0.1332335374474722,-0.2609390385267647,-0.1387183298384409,-0.1169965675677513,-0.1380397921679347,0.1835790513606546,-0.0177825568589314,-0.140611908948845,-0.3392234392227917,-0.0347835934093313,0.0049891966798613,0.7009004938443082,-0.9891685370720623,-0.9957486780186164,0.9247919900323367,0.2601787127880094,-0.805871679189465,0.8690207145739897,0.0176786398462711,0.3144271706193382,-0.3998535009463813,0.4550182921582518,-0.499605228277883,0.072606333909565,0.075625275732338
13,6,0.4338176074,-0.3175139020556884,-0.0269632734027682,0.0057883471172458,-0.0673190437247028,-0.455349256909979,-0.1887195950284516,-0.1943661448708924,0.2509466995957603,-0.2040649987944468,-0.2094286241277284,-0.0793900085091323,-0.1727369208148049,-0.0265488013552285,0.2186139184344748,-0.008972108259551,-0.0131641232825451,0.053402962276143,0.1338325000047868,-0.1298604974672539,0.3172798100331744,0.2701251730392147,-0.2235045735726728,-0.1851122546188895,-0.1845140055382578,-0.0415710999838061,0.066391205649243,-0.235595808374621,-0.1746201919602407,-0.3263602813892547,-0.121074179540416,-0.3173577898245588,-0.1280814216666149,-0.2636999266422074,-0.1418100652635324,-0.1155844686697696,-0.1387139306700785,0.1810067264426492,-0.0154934138248152,-0.1367153769376391,-0.3432107147080783,-0.0336684003660726,0.0043405344574078,0.7009004938443082,-0.9891685370720623,-0.9957486780186164,0.9247919900323367,0.2601787127880094,-0.805871679189465,0.8690207145739897,0.0176786398462711,0.3144271706193382,-0.3998535009463813,0.4550182921582518,-0.499605228277883,0.072606333909565,0.075625275732338
14,28,0.4611038045,-0.3126726490954688,-0.0351359613705091,0.0037768968031469,-0.0634805309227174,-0.4518243714766615,-0.1840337017054252,-0.1931932828564151,0.2500743368899662,-0.1993760936581974,-0.212607970434576,-0.077440183437938,-0.1735384931916255,-0.0299839454739507,0.2240284944323954,-0.0091274438347313,-0.0122319292624161,0.0559461737943263,0.127082638318977,-0.1289133823617958,0.3142066463699343,0.2676857059903803,-0.2228795562045749,-0.1846848352903961,-0.1889714233308069,-0.0443056891046512,0.0683184720457225,-0.2364971112649236,-0.1766522576460993,-0.332345755881307,-0.1196500309805058,-0.3122434197381657,-0.1347703983511906,-0.2611405024783992,-0.1446926849438028,-0.1233080321615788,-0.137545284514187,0.1807435970835178,-0.0212148161447901,-0.1438110420571618,-0.3414814787322136,-0.0348932460843551,0.0051989110007654,0.7009004938443082,-0.9891685370720623,-0.9957486780186164,0.9247919900323367,0.2601787127880094,-0.805871679189465,0.8690207145739897,0.0176786398462711,0.3144271706193382,-0.3998535009463813,0.4550182921582518,-0.499605228277883,0.072606333909565,0.075625275732338
15,7,0.4348247654,-0.3185611434875907,-0.0271404487250999,0.0079301678508847,-0.066043785805195,-0.455610531303953,-0.1881149238651177,-0.1931523374225497,0.250952533031727,-0.2042282000956264,-0.2084933386256859,-0.0784506965005185,-0.1716577791467668,-0.0271012021852809,0.2187178790252749,-0.0088383046373342,-0.0132578233195715,0.0499767089651098,0.1310035172328506,-0.1295532538554533,0.3145085317329611,0.2676144962714913,-0.2235205568520844,-0.1858253397680375,-0.1850775016122712,-0.0412764709576153,0.0649792634814196,-0.2352588024786625,-0.1750780591296055,-0.3257440183492769,-0.1223007118631174,-0.317732580279578,-0.1286487292203566,-0.2645725812072448,-0.14869337203542,-0.1215256109925872,-0.1384693282802815,0.1774269603187414,-0.0183643837807586,-0.139171282922556,-0.3463366798143462,-0.0333993451442539,0.0041962012812662,0.7009004938443082,-0.9891685370720623,-0.9957486780186164,0.9247919900323367,0.2601787127880094,-0.805871679189465,0.8690207145739897,0.0176786398462711,0.3144271706193382,-0.3998535009463813,0.4550182921582518,-0.499605228277883,0.072606333909565,0.075625275732338
16,29,0.4648912392,-0.3126699098252549,-0.0369631327441041,0.0050375675528249,-0.0618166350454078,-0.4512040618223836,-0.1825485723684043,-0.1918270831850404,0.2498418754594591,-0.1984697566553268,-0.2125364333818592,-0.0765639156825964,-0.1726233622752752,-0.0309416270935278,0.2252410403933764,-0.0090877803182727,-0.0119807245493791,0.0535518270842658,0.1238545083586534,-0.1283938240673554,0.3113962683135673,0.2652314558028642,-0.2227553388911386,-0.1854380635254993,-0.1902118645570205,-0.0443230999053823,0.0673449234109018,-0.2363122768499155,-0.1772985793619214,-0.3331648336504995,-0.1205660399033506,-0.311817426994638,-0.1363618341999181,-0.2613979227174739,-0.1504859706757014,-0.1295131973581162,-0.1370173124045173,0.1779675870068828,-0.0246613795050258,-0.1470127368377003,-0.3436791054874863,-0.0349958722463602,0.0055623318737719,0.7009004938443082,-0.9891685370720623,-0.9957486780186164,0.9247919900323367,0.2601787127880094,-0.805871679189465,0.8690207145739897,0.0176786398462711,0.3144271706193382,-0.3998535009463813,0.4550182921582518,-0.499605228277883,0.072606333909565,0.075625275732338
17,8,0.4362843297,-0.3196082330975483,-0.02721476106459,0.0100305396930266,-0.0647452589984461,-0.4559292120067217,-0.1876108219294889,-0.1920415696786723,0.2509862622310196,-0.2044473253201845,-0.2075182869073204,-0.077578709630793,-0.1705617333898187,-0.0276309908988808,0.2187755599079239,-0.0086762799968168,-0.0133690420856406,0.0465693508556053,0.128143005382328,-0.1292350946942426,0.3117939692929403,0.2651125791859719,-0.2235456463444501,-0.1864922818024329,-0.1856132596378573,-0.0410412344167951,0.0635830807909079,-0.2349750469608191,-0.1756135826713501,-0.3250609849270478,-0.1234766603717035,-0.3181148478465214,-0.1291937060004237,-0.2654425765958233,-0.1555754076560129,-0.1274321853764786,-0.1382294512075045,0.1738564587177239,-0.0212046032695867,-0.1416067419274284,-0.3494793076703357,-0.0331119029871949,0.0040755413995781,0.7009004938443082,-0.9891685370720623,-0.9957486780186164,0.9247919900323367,0.2601787127880094,-0.805871679189465,0.8690207145739897,0.0176786398462711,0.3144271706193382,-0.3998535009463813,0.4550182921582518,-0.499605228277883,0.072606333909565,0.075625275732338
18,30,0.4690182221,-0.312691109537812,-0.0387658068081272,0.0062540174032774,-0.060159759832319,-0.4505595189390835,-0.1810606647455844,-0.1905029371921288,0.2495991375971106,-0.1975417867710798,-0.2124921806048416,-0.0757484948222002,-0.1716951871113274,-0.0318732308334448,0.2265079388968064,-0.0090469897877887,-0.0117309729252147,0.0511618848984426,0.120666427194257,-0.1278352628727108,0.3086553653601027,0.2628534648013875,-0.2226318714824752,-0.1862786909530987,-0.1913932902911129,-0.0443982031548379,0.066451172874818,-0.2361291761455577,-0.1779558769619448,-0.3340126712784781,-0.1214996535523104,-0.3113486234951941,-0.1380057383663513,-0.26168029559278,-0.1561520492106875,-0.1356106961069606,-0.1364591041839376,0.1752382149695836,-0.028114740590602,-0.1501937917291193,-0.345793021842429,-0.035077880881577,0.0060384293101149,0.7009004938443082,-0.9891685370720623,-0.9957486780186164,0.9247919900323367,0.2601787127880094,-0.805871679189465,0.8690207145739897,0.0176786398462711,0.3144271706193382,-0.3998535009463813,0.4550182921582518,-0.499605228277883,0.072606333909565,0.075625275732338
19,9,0.437820928,-0.3206166442072276,-0.0272120379725239,0.0121120746562924,-0.063414351293231,-0.456285460674132,-0.187154823312917,-0.1909827932541326,0.2510426418458525,-0.2046869539412035,-0.206538457439981,-0.0767355148585055,-0.1694455455965695,-0.0281622095640479,0.2187784631455307,-0.008489320476299,-0.0135029933959924,0.043171132212017,0.1252756999749471,-0.1289078989568009,0.3091364083281892,0.2626315220543434,-0.223567893639129,-0.18708955487387,-0.1861465879362113,-0.04083068872066,0.0621915649135031,-0.2347417343175499,-0.1761856940700152,-0.3243340640654446,-0.1245767500323851,-0.318492053641478,-0.1297458397156847,-0.2662835083545175,-0.1624981080690697,-0.1333312564421734,-0.1379941880293161,0.1703028466122929,-0.0240231769179621,-0.1440747215595868,-0.3526123084698896,-0.032813035862986,0.0039650962305973,0.7009004938443082,-0.9891685370720623,-0.9957486780186164,0.9247919900323367,0.2601787127880094,-0.805871679189465,0.8690207145739897,0.0176786398462711,0.3144271706193382,-0.3998535009463813,0.4550182921582518,-0.499605228277883,0.072606333909565,0.075625275732338
20,31,0.4738998082,-0.31273985990575,-0.0405366065363537,0.0074467052555715,-0.0585008468509144,-0.4498911090908615,-0.1794897995009979,-0.1891029219097189,0.2493464121153007,-0.196608743077926,-0.2124543166979665,-0.0749838088990415,-0.1707259449783542,-0.032778598149517,0.2278133175182489,-0.0089990134136117,-0.0114456056503388,0.0487652390913343,0.117531053002539,-0.1272482554181607,0.3059648521117019,0.2604954112495488,-0.2225081352916358,-0.1871839494188953,-0.1925279756222412,-0.0444616301839734,0.0655798483885344,-0.2359595018518435,-0.1786170038159231,-0.334878306628695,-0.1224235753472568,-0.3108758981182521,-0.1396900508525119,-0.2619841486019719,-0.1617880159181271,-0.1417005453637165,-0.1358761385355716,0.1725564867164668,-0.0315592828810049,-0.1533787652637461,-0.347875729815736,-0.035146977083603,0.0066217061361766,0.7009004938443082,-0.9891685370720623,-0.9957486780186164,0.9247919900323367,0.2601787127880094,-0.805871679189465,0.8690207145739897,0.0176786398462711,0.3144271706193382,-0.3998535009463813,0.4550182921582518,-0.499605228277883,0.072606333909565,0.075625275732338
21,10,0.4403049531,-0.3216102540775308,-0.0271395111423722,0.0141723616265089,-0.0620725758021959,-0.4567108910406685,-0.1867743402771508,-0.1899871012318919,0.2511172146631878,-0.2049575554492181,-0.2055477470385507,-0.0758840632476206,-0.1683442445585664,-0.0286781844513274,0.2187415466957633,-0.0082738622710249,-0.0136718843557575,0.0397819494721863,0.1224074376911021,-0.1285705184040686,0.3065332743185114,0.2601752051450955,-0.2235905319095103,-0.1876266385639871,-0.1866829839358068,-0.0406828485572488,0.0608515231046342,-0.2345385993209785,-0.1767821198064726,-0.3234920149644337,-0.1256909239699644,-0.3188655077163989,-0.1302991767739198,-0.2671287597921082,-0.1693507603774597,-0.1392067717088052,-0.1377703179050327,0.1667694741161906,-0.0268248519283068,-0.1465683259062022,-0.3557366545667531,-0.0325021430173998,0.0038538111271334,0.7009004938443082,-0.9891685370720623,-0.9957486780186164,0.9247919900323367,0.2601787127880094,-0.805871679189465,0.8690207145739897,0.0176786398462711,0.3144271706193382,-0.3998535009463813,0.4550182921582518,-0.499605228277883,0.072606333909565,0.075625275732338
22,32,0.4709736073,-0.3128222668013864,-0.0423015958734544,0.0085807084610335,-0.0568291158788459,-0.4491705773600567,-0.1779619303160139,-0.1877152900024583,0.2490834214832155,-0.1956472276540551,-0.2124499407707405,-0.0742838471629457,-0.1697217488017343,-0.0336598330438419,0.2291713510048236,-0.0089429786346653,-0.0111450208247728,0.0463859381879133,0.1144810352377203,-0.1266262673577804,0.3033310643931843,0.2581651191083992,-0.2223806764327153,-0.1881071724490821,-0.1936851432292082,-0.0445216914352845,0.064708857941247,-0.2357966157486437,-0.17927303380144,-0.335798320206128,-0.1233634909082545,-0.3103894214776151,-0.1414357049124497,-0.2623016352877174,-0.1672677049675853,-0.147754239138955,-0.1352618110728204,0.1699453069315497,-0.0350219751102784,-0.1565991175153399,-0.3499551275751311,-0.0352024140310908,0.0073327475505366,0.7009004938443082,-0.9891685370720623,-0.9957486780186164,0.9247919900323367,0.2601787127880094,-0.805871679189465,0.8690207145739897,0.0176786398462711,0.3144271706193382,-0.3998535009463813,0.4550182921582518,-0.499605228277883,0.072606333909565,0.075625275732338
23,11,0.4423867613,-0.3226249677245014,-0.0270279431409685,0.0162520774274791,-0.0607152422397093,-0.4571776919944738,-0.1864785626072704,-0.1890846159514906,0.2512076092665749,-0.2052394637313689,-0.2045599582767719,-0.075067533174023,-0.1672339391244868,-0.0292181847443812,0.2187235811928838,-0.0080606028712693,-0.013845391533959,0.0363990505264949,0.1195167839963668,-0.1282352528749472,0.3039843739739114,0.257788113316054,-0.2236164088411671,-0.1881146786732427,-0.1871950077373924,-0.0406000594307974,0.0595436465216007,-0.2343865590693898,-0.1774005814705028,-0.3226035045988504,-0.1267763296063953,-0.319148909018712,-0.1309227328010246,-0.2679929655645101,-0.1761475140451093,-0.1450728766478403,-0.1375543808679093,0.1632518144604131,-0.029596880532307,-0.1490962712441242,-0.358809935431376,-0.0321676526103373,0.0037536391147022,0.7009004938443082,-0.9891685370720623,-0.9957486780186164,0.9247919900323367,0.2601787127880094,-0.805871679189465,0.8690207145739897,0.0176786398462711,0.3144271706193382,-0.3998535009463813,0.4550182921582518,-0.499605228277883,0.072606333909565,0.075625275732338
24,33,0.4816240697,-0.3130308948604079,-0.0442836407470186,0.0096140272976339,-0.0552563283550332,-0.4484071388893186,-0.1763833319445907,-0.1862624507845155,0.248815823797513,-0.1946572522788789,-0.2124664574872726,-0.0736897292765712,-0.1687396530170725,-0.0345344180402802,0.2305356646330651,-0.008897784330504,-0.010822723965938,0.0441228812626884,0.111644692561838,-0.1259925823690144,0.3007516560148904,0.2559050034508635,-0.2222483639343767,-0.1890845273676998,-0.1947837616525893,-0.0445141683007204,0.0638638237467866,-0.2356190278481143,-0.1798856741336724,-0.3368268516298383,-0.1245232018793404,-0.3099506859426535,-0.1432695638562605,-0.262649389421441,-0.1725937342384603,-0.1536986411001956,-0.1346337428580486,0.167486176211047,-0.038428201932653,-0.1598057579065063,-0.3520304477324001,-0.0352396133262514,0.0081316187610531,0.7009004938443082,-0.9891685370720623,-0.9957486780186164,0.9247919900323367,0.2601787127880094,-0.805871679189465,0.8690207145739897,0.0176786398462711,0.3144271706193382,-0.3998535009463813,0.4550182921582518,-0.499605228277883,0.072606333909565,0.075625275732338
25,12,0.4416690069,-0.3236251778116983,-0.026891706784228,0.0183481994289561,-0.0593882504226522,-0.4576937691699403,-0.1862578131046582,-0.1882958788996309,0.2513122228225465,-0.2055110376347364,-0.2035864327473707,-0.0742837997798172,-0.1660645183255485,-0.0297486912163827,0.218660421586057,-0.0078344682817237,-0.0140671204938039,0.0329864527624563,0.1166624538511748,-0.1278804823393184,0.3014754960520648,0.2553974553369348,-0.2236370184126674,-0.188557144489275,-0.1876885611718664,-0.0405085187023691,0.0582061673868076,-0.2342226561619944,-0.1780193924479112,-0.3216500646944887,-0.1278444525258926,-0.3194062904540114,-0.1315552579291961,-0.2688419368782956,-0.1829019308334327,-0.150892707653035,-0.1373461561711768,0.1597218328026788,-0.0323146621780068,-0.1516418892765017,-0.3618450665709335,-0.0317959065119115,0.0036641155334519,0.7009004938443082,-0.9891685370720623,-0.9957486780186164,0.9247919900323367,0.2601787127880094,-0.805871679189465,0.8690207145739897,0.0176786398462711,0.3144271706193382,-0.3998535009463813,0.4550182921582518,-0.499605228277883,0.072606333909565,0.075625275732338
26,34,0.4880209323,-0.3133077540873433,-0.0462443313933669,0.0106165458940873,-0.0536924436765645,-0.4476069341265037,-0.174731136378069,-0.1847882793429662,0.2485368730944633,-0.193654205366613,-0.2124976569982524,-0.0731627766214775,-0.1677578244743214,-0.0354186995924583,0.2319595335258693,-0.0088509502214275,-0.0104692131436323,0.0418014714234188,0.1088790781781961,-0.1253289560380194,0.2981751572197426,0.2536379742660306,-0.2221209309809168,-0.1901752516827279,-0.1958303781184638,-0.0444763986163822,0.0630504508711781,-0.2354375565337642,-0.1804906041017522,-0.3378736543830241,-0.1256091739025164,-0.3093323510824979,-0.1451344250727955,-0.2630527027622158,-0.1778780049521163,-0.1597244049346022,-0.133971498455458,0.1650883241800999,-0.0419170445991642,-0.1630568439073854,-0.3539099713666466,-0.0352494188064097,0.0090811534909496,0.7009004938443082,-0.9891685370720623,-0.9957486780186164,0.9247919900323367,0.2601787127880094,-0.805871679189465,0.8690207145739897,0.0176786398462711,0.3144271706193382,-0.3998535009463813,0.4550182921582518,-0.499605228277883,0.072606333909565,0.075625275732338
27,13,0.4435716542,-0.3246181507080542,-0.0267564828794491,0.0204183265754571,-0.0580277244036153,-0.4582427631208901,-0.1861178492289165,-0.1875647391848535,0.2514329674247109,-0.2058028285571969,-0.2025894395391201,-0.0734441466749189,-0.1649608506857954,-0.0303309580393888,0.218546029084068,-0.0076243098388108,-0.0142852761887905,0.0296199326745228,0.1138247568196136,-0.127555699880235,0.298980978110957,0.2530458769720207,-0.2236491866350922,-0.1889600414740202,-0.1881236730763108,-0.0404551198213528,0.0569198551470599,-0.2341212295781137,-0.1786399991907591,-0.3206557074905551,-0.1288812293289864,-0.3195679279173007,-0.1322054691953801,-0.2696904274678523,-0.189563777989491,-0.156675076210017,-0.1371480429073066,0.1562584533877026,-0.0350370221909643,-0.1541778235909817,-0.3647591689619206,-0.0314036019890729,0.0036059342312418,0.7009004938443082,-0.9891685370720623,-0.9957486780186164,0.9247919900323367,0.2601787127880094,-0.805871679189465,0.8690207145739897,0.0176786398462711,0.3144271706193382,-0.3998535009463813,0.4550182921582518,-0.499605228277883,0.072606333909565,0.075625275732338
28,35,0.4938576035,-0.3135892853623478,-0.0481947187571851,0.0115966656241503,-0.0521290662579947,-0.4467783773302973,-0.1731141802207982,-0.1833714569358316,0.2482486748166746,-0.1926315326549884,-0.2125641219537928,-0.0726657033015508,-0.166751742401291,-0.0362741386436262,0.2334276633571964,-0.0088072679749848,-0.0100831320658039,0.0394644442680337,0.1061529097413944,-0.1246326423823106,0.2956399036278929,0.2514010350979962,-0.2219902819486128,-0.1913001232149635,-0.1968600688361149,-0.0444790784301893,0.0622724149894773,-0.2352533372493547,-0.1810936733019552,-0.3389479454599632,-0.1267213873751248,-0.3086760824726706,-0.1470370415401802,-0.2634631004030487,-0.1830153364839883,-0.1656976311426547,-0.1332834469137178,0.1627427915682304,-0.0454117343433691,-0.166293302000782,-0.3557370789879332,-0.0352334476083931,0.0101408618413056,0.7009004938443082,-0.9891685370720623,-0.9957486780186164,0.9247919900323367,0.2601787127880094,-0.805871679189465,0.8690207145739897,0.0176786398462711,0.3144271706193382,-0.3998535009463813,0.4550182921582518,-0.499605228277883,0.072606333909565,0.075625275732338
29,14,0.4445135232,-0.3255270087411797,-0.0265542215115826,0.0225154221416527,-0.0566652489287479,-0.4588829180593206,-0.1859893871145742,-0.1869368622658717,0.2515679346426313,-0.2060758941014587,-0.2016426490383988,-0.0726610547897434,-0.1638509224288714,-0.0308996015423206,0.2184276587410308,-0.0074185934260272,-0.0145097160727081,0.0262093776202336,0.1109639936605407,-0.1272233521026261,0.2965167600005746,0.2507189445284647,-0.2236581366421179,-0.1892868658193836,-0.1885844347669519,-0.0404624987951549,0.0556093222762062,-0.2340279280847336,-0.1792503171538095,-0.3195302567293133,-0.1299191331839043,-0.3196777555925132,-0.1328374027628651,-0.2705111980582496,-0.1961434593755733,-0.1624060072790687,-0.1369677653943595,0.1527641182903519,-0.0377232171194551,-0.1566770443095407,-0.3676933046570542,-0.0310253384972367,0.0035358420876518,0.7009004938443082,-0.9891685370720623,-0.9957486780186164,0.9247919900323367,0.2601787127880094,-0.805871679189465,0.8690207145739897,0.0176786398462711,0.3144271706193382,-0.3998535009463813,0.4550182921582518,-0.499605228277883,0.072606333909565,0.075625275732338
30,36,0.4983165499,-0.3138786127290099,-0.0501374130956612,0.0125567788552857,-0.0505519265090881,-0.4459458826300362,-0.1715014133250204,-0.1820063824087715,0.2479536482952333,-0.1916063389307943,-0.2126418607191844,-0.0721967226032155,-0.1657361199394486,-0.0371092897686174,0.2349092099664207,-0.0087673442850663,-0.0096846664600144,0.037083028130401,0.1034893720620938,-0.1239146221873726,0.29314880451535,0.2491894533914456,-0.2218595380146773,-0.19247327445292,-0.1978539567062375,-0.0444853582946769,0.0614872029692594,-0.2350594950560601,-0.1816710488265521,-0.3400155179316041,-0.1278657702615155,-0.307988899992603,-0.1489658279944938,-0.2638830491892936,-0.1880809262276529,-0.1715894959157319,-0.1325771630330609,0.1604620940722303,-0.0489233654400457,-0.169540354200534,-0.3574902596201522,-0.0351946618450068,0.0113085239571642,0.7009004938443082,-0.9891685370720623,-0.9957486780186164,0.9247919900323367,0.2601787127880094,-0.805871679189465,0.8690207145739897,0.0176786398462711,0.3144271706193382,-0.3998535009463813,0.4550182921582518,-0.499605228277883,0.072606333909565,0.075625275732338
31,15,0.4457442282,-0.326358929412802,-0.0262983821195561,0.0246118532996389,-0.0552945412074428,-0.4595695610153282,-0.1859678262585664,-0.1863821041752788,0.2517177076817437,-0.2063313059849232,-0.2006979250209722,-0.0718756501816966,-0.1627785123736383,-0.0314880556945796,0.2182646617275148,-0.007225732177008,-0.0147281219843857,0.0228336622180144,0.1080674324767442,-0.1269062734031578,0.2940870935007738,0.2484246598708648,-0.2236549702034457,-0.1895094211019153,-0.1891064307143578,-0.0405441922432265,0.0543763504626237,-0.2339733912136223,-0.1798741659232241,-0.3183123741692473,-0.1309350077999362,-0.3197051954381724,-0.133437023103001,-0.2712952070694761,-0.2026367514574032,-0.1680754333307223,-0.1367986705160813,0.1493173333449199,-0.0404350589372137,-0.1591788744695278,-0.3705500826609052,-0.0306258481857308,0.003458667594209,0.7009004938443082,-0.9891685370720623,-0.9957486780186164,0.9247919900323367,0.2601787127880094,-0.805871679189465,0.8690207145739897,0.0176786398462711,0.3144271706193382,-0.3998535009463813,0.4550182921582518,-0.499605228277883,0.072606333909565,0.075625275732338
32,37,0.5034060365,-0.3142012689641914,-0.0520343948046661,0.013486172369918,-0.0489907097590631,-0.4450704747637731,-0.1699694720348019,-0.1806741503762481,0.2476493158764039,-0.190592033538563,-0.2127352207474033,-0.0717659686782474,-0.1646874964300998,-0.0379149083942948,0.2364145177658625,-0.0087467595210447,-0.0092802401455868,0.034669854282306,0.100914229494833,-0.1231794024295719,0.2906857665781986,0.2470191207076975,-0.2217269745141578,-0.1936652228303452,-0.1988316149914475,-0.0444836229349014,0.0606883368566633,-0.23486154133078,-0.1822186157320715,-0.3411232416452613,-0.1290008856704106,-0.3072673067566947,-0.1509275828036937,-0.2643216125753732,-0.1930415688365865,-0.1774247378321051,-0.1318474674124844,0.1582892138635286,-0.0524658064468314,-0.1727764278705146,-0.3592271653589243,-0.0351273000090471,0.0125929810836285,0.7009004938443082,-0.9891685370720623,-0.9957486780186164,0.9247919900323367,0.2601787127880094,-0.805871679189465,0.8690207145739897,0.0176786398462711,0.3144271706193382,-0.3998535009463813,0.4550182921582518,-0.499605228277883,0.072606333909565,0.075625275732338
33,16,0.4480584721,-0.3271632332713788,-0.0260583233216289,0.0267094884283143,-0.053914384698847,-0.4602802638428143,-0.1859962654996574,-0.1858407971666676,0.251878295966625,-0.2065776875340181,-0.1997823034509793,-0.0711028470243143,-0.1616536058716,-0.0320624917586345,0.2180686927602513,-0.0070296106866983,-0.0149592458354477,0.0194114281084431,0.1052103953330028,-0.1265823878314135,0.2916869535188388,0.2461596437699478,-0.2236399873683023,-0.1896534497620167,-0.1896890487540919,-0.0405840565122909,0.0531071398233785,-0.2339240514422374,-0.1804922998816997,-0.3170426945233581,-0.1319438231413493,-0.3197143558317818,-0.1340139750514945,-0.2720441265262981,-0.2091299407738349,-0.1737086188522139,-0.136636720431413,0.1458944615440393,-0.0431319455490019,-0.1616398326560906,-0.3733990055095072,-0.0302197259352471,0.0034051600810732,0.7009004938443082,-0.9891685370720623,-0.9957486780186164,0.9247919900323367,0.2601787127880094,-0.805871679189465,0.8690207145739897,0.0176786398462711,0.3144271706193382,-0.3998535009463813,0.4550182921582518,-0.499605228277883,0.072606333909565,0.075625275732338
34,38,0.509510009,-0.3145426570484813,-0.0539271500288681,0.0144345818355946,-0.047437741006573,-0.4441750841775468,-0.1684388021248629,-0.179364393213371,0.2473403994832275,-0.1895865624864493,-0.2128358158891362,-0.0713727259415618,-0.1636184965489326,-0.0387097164662984,0.2379507226780876,-0.0087325883080142,-0.0088473784260714,0.0322312434501248,0.0984018932464657,-0.1224238382517648,0.2882421686732627,0.2448966821068055,-0.2215943611909577,-0.1949361311677873,-0.1997259987759843,-0.044494208451477,0.0598730577221185,-0.2346699657852179,-0.182751093164423,-0.3422640569712272,-0.1301492352833839,-0.3065066580360019,-0.1529546284244696,-0.2647880316182841,-0.1978797041229874,-0.1832407811162151,-0.1310945365950705,0.1562008369196204,-0.0560506447386203,-0.1760241088363813,-0.3609274618325873,-0.0350130039125539,0.0139835596560858,0.7009004938443082,-0.9891685370720623,-0.9957486780186164,0.9247919900323367,0.2601787127880094,-0.805871679189465,0.8690207145739897,0.0176786398462711,0.3144271706193382,-0.3998535009463813,0.4550182921582518,-0.499605228277883,0.072606333909565,0.075625275732338
35,17,0.448470617,-0.3279288985237366,-0.0258148649802771,0.0288015651851913,-0.0525374158850921,-0.4610378160231591,-0.1860936427473,-0.1853360688761871,0.2520506993149705,-0.2068143521472034,-0.1988920377654254,-0.0703415198619448,-0.160512307440397,-0.0326446415064816,0.2178384790471623,-0.0068578356659224,-0.0151854353399035,0.0160172539204647,0.1023242468835382,-0.1262725025964316,0.2892901139364383,0.243943600292766,-0.2236121376395745,-0.1897528338363305,-0.1902632977196709,-0.0406612390339735,0.0518762810327417,-0.2339102630141838,-0.1811325110980796,-0.31568805351646,-0.1329994036242217,-0.3197252558069819,-0.1346011609617945,-0.2727859506424022,-0.2155099291839682,-0.1793484362128571,-0.1364795304469738,0.1425381413040148,-0.0458265876546822,-0.1641692316506332,-0.3762128329796758,-0.029801391006945,0.0033591604553101,0.7009004938443082,-0.9891685370720623,-0.9957486780186164,0.9247919900323367,0.2601787127880094,-0.805871679189465,0.8690207145739897,0.0176786398462711,0.3144271706193382,-0.3998535009463813,0.4550182921582518,-0.499605228277883,0.072606333909565,0.075625275732338
36,39,0.5138489734,-0.3148933945951687,-0.0557496152577368,0.0153574427990297,-0.0459168308293446,-0.4432657563306437,-0.1669469093305421,-0.1780673991743622,0.2470265807724049,-0.1885845668795504,-0.2129476170174499,-0.0710025493157643,-0.1625543721445376,-0.0394766943132527,0.2394942447249527,-0.008728011035324,-0.0084123073259219,0.0297253035133622,0.0959652704526605,-0.1216501421466795,0.2858328057582137,0.2428232374605261,-0.221461445720178,-0.1962004922880368,-0.2006121794165148,-0.0445810406194732,0.0590207173628025,-0.2344551962607939,-0.1832543955865267,-0.3433900836432316,-0.1313257189078307,-0.3057481021846969,-0.1550221847039693,-0.265267931068781,-0.2026159600771668,-0.1889765196109306,-0.1303245416299645,0.1542175798970049,-0.0596292906922893,-0.1792900669612753,-0.3625418249045963,-0.0348629063908709,0.015489687243236,0.7009004938443082,-0.9891685370720623,-0.9957486780186164,0.9247919900323367,0.2601787127880094,-0.805871679189465,0.8690207145739897,0.0176786398462711,0.3144271706193382,-0.3998535009463813,0.4550182921582518,-0.499605228277883,0.072606333909565,0.075625275732338
37,18,0.4490884761,-0.3286388561401191,-0.025568245038026,0.0309002002591592,-0.0511412405876176,-0.4618733768685955,-0.1863107013759976,-0.1849458725183351,0.2522353369378543,-0.2070802667902338,-0.1980079028126488,-0.0695617739844395,-0.1594054681921404,-0.0332496932485147,0.2176008303037235,-0.0066860430222881,-0.0154200566237261,0.0125963371645577,0.0994263194682002,-0.1259647161414865,0.2869279954865177,0.2417484827581974,-0.2235757822683025,-0.1898169453523788,-0.1908313293033627,-0.0407776882663604,0.0506766183337584,-0.2339195443399972,-0.1817873526011458,-0.3142273703797056,-0.1340702891997657,-0.3196434436427538,-0.1352076929426708,-0.2735007468396202,-0.2217642140031177,-0.1848812974313749,-0.1363330270347461,0.1391886930653455,-0.0484871684317218,-0.1667035841202381,-0.3789578071337642,-0.0293674948554134,0.0033127613338458,0.7009004938443082,-0.9891685370720623,-0.9957486780186164,0.9247919900323367,0.2601787127880094,-0.805871679189465,0.8690207145739897,0.0176786398462711,0.3144271706193382,-0.3998535009463813,0.4550182921582518,-0.499605228277883,0.072606333909565,0.075625275732338
38,40,0.5196923885,-0.3152307760634098,-0.0575516710098494,0.0162532547318671,-0.0443887126539858,-0.4423281931843328,-0.1654861162681663,-0.1768178788961998,0.2467033607394627,-0.1875659577904351,-0.2130862133286743,-0.0706350741625227,-0.1614604597379889,-0.0402318037902886,0.241083209574062,-0.0087246264887847,-0.0079665562024432,0.0272024162305743,0.0935905093147668,-0.1208510986331917,0.2834485067535237,0.2407820872788689,-0.2213274741584446,-0.1975052174689486,-0.2014635284884685,-0.0446824768196195,0.0582519301308258,-0.2342284035067643,-0.1837493237667993,-0.3445438387748146,-0.1324922514605411,-0.3049012956229596,-0.1571698932929873,-0.265758309484984,-0.2071838113385155,-0.1946637694485865,-0.1295300407061722,0.1523093570266097,-0.0632267931414347,-0.1825669361996964,-0.3640655932022403,-0.0346609190619474,0.0171310227147123,0.7009004938443082,-0.9891685370720623,-0.9957486780186164,0.9247919900323367,0.2601787127880094,-0.805871679189465,0.8690207145739897,0.0176786398462711,0.3144271706193382,-0.3998535009463813,0.4550182921582518,-0.499605228277883,0.072606333909565,0.075625275732338
39,19,0.4492232162,-0.3292863599512254,-0.0253361755753115,0.0330437476987821,-0.0497333797333477,-0.4627498029621728,-0.1865538783093089,-0.1846018867637411,0.2524287127169983,-0.2073227530383517,-0.1971407617007596,-0.0687893588589395,-0.1582659873756111,-0.0338683570845842,0.217341055672681,-0.0065222944873203,-0.0156302009427334,0.0091794717336151,0.0965478700885596,-0.1256662110751909,0.2845893116819544,0.2395925131570048,-0.2235276823737782,-0.1898082693112461,-0.1914242300199271,-0.0408602237676186,0.0494503201795138,-0.2339618897952007,-0.1824302820503859,-0.3127019627280838,-0.1351390991105126,-0.3195285073929809,-0.1358065277169409,-0.2741774273509949,-0.2280120399405894,-0.1904009997598624,-0.1361997166856991,0.1358708454568177,-0.0511730498968291,-0.1692351841695161,-0.3816553909570362,-0.0289101261734098,0.0032710199231091,0.7009004938443082,-0.9891685370720623,-0.9957486780186164,0.9247919900323367,0.2601787127880094,-0.805871679189465,0.8690207145739897,0.0176786398462711,0.3144271706193382,-0.3998535009463813,0.4550182921582518,-0.499605228277883,0.072606333909565,0.075625275732338
40,20,0.4511169502,-0.329930129237887,-0.0250585945198397,0.0351658844767591,-0.0483447576636004,-0.4636498730570895,-0.1869388984317501,-0.1842793410584184,0.2526336241749643,-0.2075641619983989,-0.196304231307156,-0.0680529527703614,-0.1571197591702335,-0.034477857828683,0.2170288065561663,-0.0063608255278799,-0.0158428738468002,0.0057255159336973,0.0937303184769729,-0.1253748121936855,0.2822878231977747,0.2374573619507148,-0.2234733921707936,-0.1897525845430555,-0.1920457940634045,-0.0409051951749289,0.0481838515048141,-0.2340102322052196,-0.1830857459484886,-0.3110996400412511,-0.1362268918002008,-0.3194057692852415,-0.1363627543973083,-0.2748524438635871,-0.2341968534185248,-0.1958772404343598,-0.1360724290391435,0.1326164446236909,-0.0538997738418856,-0.1717022194190579,-0.3843455750101177,-0.0284330107788322,0.0032740143998467,0.7009004938443082,-0.9891685370720623,-0.9957486780186164,0.9247919900323367,0.2601787127880094,-0.805871679189465,0.8690207145739897,0.0176786398462711,0.3144271706193382,-0.3998535009463813,0.4550182921582518,-0.499605228277883,0.072606333909565,0.075625275732338
