,frame,error,x_c0,x_c1,x_c2,x_c3,x_c4,x_c5,x_c6,x_c7,x_c8,x_c9,x_c10,x_c11,x_c12,x_c13,x_c14,x_c15,x_c16,y_c0,y_c1,y_c2,y_c3,y_c4,y_c5,y_c6,y_c7,y_c8,y_c9,y_c10,y_c11,y_c12,y_c13,y_c14,y_c15,y_c16,z_c0,z_c1,z_c2,z_c3,z_c4,z_c5,z_c6,z_c7,z_c8,z_c9,z_c10,z_c11,z_c12,z_c13,z_c14,z_c15,z_c16,q_c0,q_c1,q_c2,q_c3,q_c4,q_c5,q_c6,q_c7,q_c8,q_c9,q_c10,q_c11,q_c12,q_c13,q_c14,q_c15,q_c16
0,0,0.3031628569,0.3854205528678969,-0.4053876433388118,0.0024995983604575,-0.047738779663903,-0.2674843701797014,-0.1252772863169083,0.4161552051150143,-0.2256375585614544,0.2551830646276355,-0.2580839125419533,0.0084058197599735,-0.1047876346280321,-0.0380863637167839,-0.0519415097679409,0.0001401170514618,0.034956681087685,0.0154350189250856,0.0127854467487772,-0.0289426669238757,-0.2132191844821089,-0.1624250538860241,0.4841954745985723,-0.1047212151766241,0.1174094420248208,0.04055442530375,0.0401561121506065,0.0414249181661903,0.0741725779739526,0.1461903758898321,0.299878143356757,0.3219018317407487,-0.2977094636061832,0.2837173514999441,0.0205962380498428,-0.0335354297633207,0.0701391636808455,0.0991746722860185,0.1961257664867866,-0.1172764325373293,-0.3440991591579825,0.2100026189581511,-0.2112178845362577,-0.2490260773690819,0.4350172993592681,0.0376888078593099,0.2647758322942359,0.1641334929679261,0.2103226209218598,-0.2467504382366484,-0.2469631763156498,-0.2192721789346201,-0.269985203551054,-0.2325670333118197,0.9257173612799928,-0.59004067418535,0.2484437339862349,-0.2611487126553979,-0.664452867641995,0.5275224765066887,0.6600704406547209,0.2692504398746523,-0.9127421165615908,0.2674058459366092,0.9999902003562903,-0.98273301306904,-0.3852922468434945,-0.4094685473800144,0.810029916604567
1,1,0.2996755521,0.3854205528678969,-0.4053876433388118,0.0024995983604575,-0.047738779663903,-0.2674843701797014,-0.1252772863169083,0.4161552051150143,-0.2256375585614544,0.2551830646276355,-0.2580839125419533,0.0084058197599735,-0.1047876346280321,-0.0380863637167839,-0.0519415097679409,0.0001401170514618,0.034956681087685,0.0154350189250856,0.0127854467487772,-0.0289426669238757,-0.2132191844821089,-0.1624250538860241,0.4841954745985723,-0.1047212151766241,0.1174094420248208,0.04055442530375,0.0401561121506065,0.0414249181661903,0.0741725779739526,0.1461903758898321,0.299878143356757,0.3219018317407487,-0.2977094636061832,0.2837173514999441,0.0205962380498428,-0.0335354297633207,0.0701391636808455,0.0991746722860185,0.1961257664867866,-0.1172764325373293,-0.3440991591579825,0.2100026189581511,-0.2112178845362577,-0.2490260773690819,0.4350172993592681,0.0376888078593099,0.2647758322942359,0.1641334929679261,0.2103226209218598,-0.2467504382366484,-0.2469631763156498,-0.2192721789346201,-0.269985203551054,-0.2325670333118197,0.9257173612799928,-0.59004067418535,0.2484437339862349,-0.2611487126553979,-0.664452867641995,0.5275224765066887,0.6600704406547209,0.2692504398746523,-0.9127421165615908,0.2674058459366092,0.9999902003562903,-0.98273301306904,-0.3852922468434945,-0.4094685473800144,0.810029916604567
2,2,0.2935330041,0.3851084078728413,-0.4037902490921931,0.0017114698484639,-0.0480996692966812,-0.2672972069163455,-0.1252623929606734,0.4155092308450233,-0.2241378457774565,0.254841320506159,-0.2585052294805302,0.0088887849592591,-0.1040721629357981,-0.0371945975123977,-0.0506751567536238,-0.0003790807979393,0.0346827463177791,0.0143213923467115,0.0122392846697644,-0.0277869301791049,-0.2113014275416346,-0.1619606498411656,0.4831289697425591,-0.1040862085038143,0.1167098774296571,0.0394221356641555,0.0389723532790718,0.0414610481406533,0.0730807316832978,0.1451256153092791,0.2942976533662511,0.3161572050323574,-0.2959759147999722,0.2827737433118879,0.019932115456161,-0.0338431510995885,0.0685208285235715,0.1003274970814614,0.1959290091554592,-0.1168121863609829,-0.3450810921090753,0.209704696215984,-0.2125986511320522,-0.2507894928329059,0.4344359452727709,0.0373595180927908,0.2627417673075375,0.1575423301506237,0.2029161528966045,-0.2494893982793385,-0.2488703172831903,-0.223843837634278,-0.269985203551054,-0.2325670333118197,0.9257173612799928,-0.59004067418535,0.2484437339862349,-0.2611487126553979,-0.664452867641995,0.5275224765066887,0.6600704406547209,0.2692504398746523,-0.9127421165615908,0.2674058459366092,0.9999902003562903,-0.98273301306904,-0.3852922468434945,-0.4094685473800144,0.810029916604567
3,3,0.2913440342,0.3846683163555603,-0.4022799986229262,0.000909262884748,-0.0484632842903456,-0.2671233960808209,-0.1253284318240168,0.4148406833895268,-0.2226826368987979,0.2544471808567033,-0.2590211557336782,0.0093617766682761,-0.1034016883791282,-0.0363477166478719,-0.0494140981280432,-0.000856069005028,0.0344078683908181,0.013413289608039,0.0118729238209919,-0.0265465768972635,-0.2095046193802521,-0.1614109087946697,0.4819670717676261,-0.1036486833799029,0.1159119140037998,0.0385178312397438,0.037975274325752,0.0415492595555055,0.0719693348444181,0.1439887430354763,0.2888333232648007,0.3106705476519641,-0.2943255980488185,0.2818803577387968,0.0192961480088229,-0.0345800615193268,0.0666406223401566,0.1015104892065881,0.1954445157223159,-0.1163240706532237,-0.3459544703917428,0.2095425145422133,-0.2140236856154366,-0.2525800389930334,0.4338381947100885,0.0371438521500874,0.2608090497810999,0.1512222591114473,0.1957412836498732,-0.2520015835124758,-0.2506720547171257,-0.2283744090939016,-0.269985203551054,-0.2325670333118197,0.9257173612799928,-0.59004067418535,0.2484437339862349,-0.2611487126553979,-0.664452867641995,0.5275224765066887,0.6600704406547209,0.2692504398746523,-0.9127421165615908,0.2674058459366092,0.9999902003562903,-0.98273301306904,-0.3852922468434945,-0.4094685473800144,0.810029916604567
4,21,0.3031628569,0.3854205528678969,-0.4053876433388118,0.0024995983604575,-0.047738779663903,-0.2674843701797014,-0.1252772863169083,0.4161552051150143,-0.2256375585614544,0.2551830646276355,-0.2580839125419533,0.0084058197599735,-0.1047876346280321,-0.0380863637167839,-0.0519415097679409,0.0001401170514618,0.034956681087685,0.0154350189250856,0.0127854467487772,-0.0289426669238757,-0.2132191844821089,-0.1624250538860241,0.4841954745985723,-0.1047212151766241,0.1174094420248208,0.04055442530375,0.0401561121506065,0.0414249181661903,0.0741725779739526,0.1461903758898321,0.299878143356757,0.3219018317407487,-0.2977094636061832,0.2837173514999441,0.0205962380498428,-0.0335354297633207,0.0701391636808455,0.0991746722860185,0.1961257664867866,-0.1172764325373293,-0.3440991591579825,0.2100026189581511,-0.2112178845362577,-0.2490260773690819,0.4350172993592681,0.0376888078593099,0.2647758322942359,0.1641334929679261,0.2103226209218598,-0.2467504382366484,-0.2469631763156498,-0.2192721789346201,-0.269985203551054,-0.2325670333118197,0.9257173612799928,-0.59004067418535,0.2484437339862349,-0.2611487126553979,-0.664452867641995,0.5275224765066887,0.6600704406547209,0.2692504398746523,-0.9127421165615908,0.2674058459366092,0.9999902003562903,-0.98273301306904,-0.3852922468434945,-0.4094685473800144,0.810029916604567
5,4,0.2895286834,0.3841549067615347,-0.400747495267387,9.70615841306e-05,-0.0488146482130832,-0.2669527024870988,-0.1254097072513151,0.4141511762552735,-0.221258913987798,0.2539776414498183,-0.2596011865798415,0.009865708303303,-0.1027406079774433,-0.0355356301898231,-0.0482079722331876,-0.0013674207865176,0.0340524059380187,0.012552255567222,0.0116097545136609,-0.0252649724474164,-0.2077704169844052,-0.1608021237055209,0.480714321456352,-0.1033203988093414,0.1150692243293856,0.0377511347556599,0.0370913280549524,0.0416635720030292,0.0708533650608445,0.1427895702931081,0.2834500197634097,0.3053785779060981,-0.2927333644627394,0.2809891324194396,0.0187081553406053,-0.0355031312506037,0.0647047109322265,0.1027454851893146,0.1948967253549212,-0.11586288059811,-0.3468014482728052,0.2094099996842571,-0.2154413968545658,-0.2543481066243303,0.4332498925782459,0.0369448901902667,0.2589029545651151,0.1450239755223547,0.188684614355575,-0.2544557783879204,-0.2525048999505758,-0.2329507528777452,-0.269985203551054,-0.2325670333118197,0.9257173612799928,-0.59004067418535,0.2484437339862349,-0.2611487126553979,-0.664452867641995,0.5275224765066887,0.6600704406547209,0.2692504398746523,-0.9127421165615908,0.2674058459366092,0.9999902003562903,-0.98273301306904,-0.3852922468434945,-0.4094685473800144,0.810029916604567
6,22,0.3017235205,0.3854205528678969,-0.4053876433388118,0.0024995983604575,-0.047738779663903,-0.2674843701797014,-0.1252772863169083,0.4161552051150143,-0.2256375585614544,0.2551830646276355,-0.2580839125419533,0.0084058197599735,-0.1047876346280321,-0.0380863637167839,-0.0519415097679409,0.0001401170514618,0.034956681087685,0.0154350189250856,0.0127854467487772,-0.0289426669238757,-0.2132191844821089,-0.1624250538860241,0.4841954745985723,-0.1047212151766241,0.1174094420248208,0.04055442530375,0.0401561121506065,0.0414249181661903,0.0741725779739526,0.1461903758898321,0.299878143356757,0.3219018317407487,-0.2977094636061832,0.2837173514999441,0.0205962380498428,-0.0335354297633207,0.0701391636808455,0.0991746722860185,0.1961257664867866,-0.1172764325373293,-0.3440991591579825,0.2100026189581511,-0.2112178845362577,-0.2490260773690819,0.4350172993592681,0.0376888078593099,0.2647758322942359,0.1641334929679261,0.2103226209218598,-0.2467504382366484,-0.2469631763156498,-0.2192721789346201,-0.269985203551054,-0.2325670333118197,0.9257173612799928,-0.59004067418535,0.2484437339862349,-0.2611487126553979,-0.664452867641995,0.5275224765066887,0.6600704406547209,0.2692504398746523,-0.9127421165615908,0.2674058459366092,0.9999902003562903,-0.98273301306904,-0.3852922468434945,-0.4094685473800144,0.810029916604567
7,23,0.2995066372,0.384992731303384,-0.4037091869251898,0.0022512313069899,-0.0485507347766126,-0.2669838751470456,-0.1247249354832214,0.4152804881372298,-0.2246768863522658,0.2541828518164845,-0.2581276786535897,0.0088021392427464,-0.1041741558212637,-0.037199456572614,-0.0506570496315825,-0.000508701775494,0.0346058577634208,0.0145066926369038,0.0121736712013544,-0.0278998628724953,-0.2112491076226035,-0.1620114180143065,0.483046121976538,-0.1041492794422,0.1166753392098105,0.0394914993684035,0.0390353165579089,0.0415127071210607,0.0730720700995507,0.145134015047763,0.2942109287917603,0.3162172243444236,-0.2959156003155055,0.2828677110383992,0.0198368815933813,-0.0319636539057941,0.0700680539088912,0.0989722472165471,0.1973204927336045,-0.1176609864898227,-0.3458131417636031,0.2088772098525509,-0.2117345649876346,-0.2501267040902231,0.4346682900446573,0.0369446684916344,0.2622487538515398,0.1571039936496422,0.2034365328455312,-0.2512276609925311,-0.2505486166275148,-0.2219576405052536,-0.269985203551054,-0.2325670333118197,0.9257173612799928,-0.59004067418535,0.2484437339862349,-0.2611487126553979,-0.664452867641995,0.5275224765066887,0.6600704406547209,0.2692504398746523,-0.9127421165615908,0.2674058459366092,0.9999902003562903,-0.98273301306904,-0.3852922468434945,-0.4094685473800144,0.810029916604567
8,5,0.2885135885,0.3835313320637409,-0.3992129564899347,-0.0007234248773452,-0.0491546476051332,-0.2667711428985752,-0.1255046511053479,0.4134523428222233,-0.2198673778840629,0.2534161234326441,-0.2602330359306413,0.0103999392484002,-0.1020994688444976,-0.0347714814109267,-0.0470394286723334,-0.0018623139901829,0.0336687031342163,0.0118053091535464,0.0114428787867152,-0.0239320923432543,-0.2060960535358314,-0.160137620338421,0.4793788529086101,-0.1030645387303825,0.1142079845537107,0.0370603059908639,0.0362668603590029,0.0417956970345723,0.0697510125320778,0.1415656869209813,0.2781903522609225,0.3002598145641482,-0.2912427796033397,0.2800719925528627,0.0181783009379965,-0.0365215581160671,0.062811237591011,0.1039882851229378,0.1943251248577458,-0.1154568272631213,-0.3476245463256966,0.2092943455525829,-0.2168218283779395,-0.2560870161465871,0.432669648495463,0.0367474522218493,0.2570046809580594,0.1389462065984471,0.1817657467368153,-0.2568482638715782,-0.2543765711410119,-0.2375088394542048,-0.269985203551054,-0.2325670333118197,0.9257173612799928,-0.59004067418535,0.2484437339862349,-0.2611487126553979,-0.664452867641995,0.5275224765066887,0.6600704406547209,0.2692504398746523,-0.9127421165615908,0.2674058459366092,0.9999902003562903,-0.98273301306904,-0.3852922468434945,-0.4094685473800144,0.810029916604567
9,24,0.2967877961,0.3846405372654217,-0.401934498985059,0.0021041224627439,-0.0493874239505404,-0.2664590104420523,-0.1239880724814369,0.4143021783315692,-0.223975543031939,0.2529702759615337,-0.2581230624685747,0.0091391841501096,-0.103513399974675,-0.0363019126179593,-0.0496483870568283,-0.0012235646719759,0.0341773350969507,0.0137120933174687,0.0117126304238149,-0.0267513259565893,-0.2093727575876643,-0.1615084180981023,0.4817814650675902,-0.1037523472886044,0.1158537609423802,0.038620293845131,0.038048661535557,0.0416937228740185,0.071940187447662,0.1440896012779898,0.2886540209996153,0.3107612510136323,-0.2941913765894602,0.2820588298533278,0.0190847913016183,-0.0299533379570932,0.070371990639675,0.0984700445317864,0.1988171012061716,-0.1182651640703568,-0.3477260852479358,0.2074578460023493,-0.2120309437370273,-0.2510148911536095,0.4345190362703634,0.0360022913552536,0.2597885880674707,0.1502481009091547,0.1966358042396615,-0.256067290001025,-0.2546009346014521,-0.2241003550413797,-0.269985203551054,-0.2325670333118197,0.9257173612799928,-0.59004067418535,0.2484437339862349,-0.2611487126553979,-0.664452867641995,0.5275224765066887,0.6600704406547209,0.2692504398746523,-0.9127421165615908,0.2674058459366092,0.9999902003562903,-0.98273301306904,-0.3852922468434945,-0.4094685473800144,0.810029916604567
10,6,0.2891694608,0.3826997660371038,-0.3977787353418851,-0.001541245859718,-0.0495209849483257,-0.2665629741090278,-0.1256131816412079,0.412753236405901,-0.2184876961015461,0.252859303083355,-0.2608934477094697,0.0109586249408138,-0.1014637245970471,-0.0340394748321091,-0.0459144945812805,-0.0023215781444116,0.0333246082530703,0.0110921353395744,0.0113225434095171,-0.0225686188342067,-0.2044749427725859,-0.159432256397215,0.4779755965797854,-0.1028555186565992,0.1133446717534563,0.0364202635273636,0.0354756295009975,0.0419346918827377,0.0686647535226984,0.1403251134584235,0.2730397521624653,0.2952807432462186,-0.2898290546589459,0.2791297091728075,0.017702810024476,-0.0376198460945908,0.0609750767972214,0.1052543057769286,0.1937061277580869,-0.1150738500754227,-0.3484360789461244,0.209187291981431,-0.2181524148716341,-0.2577729747576206,0.4320937703537821,0.0365536079520911,0.2551046318440717,0.1329659861367146,0.1749646821058106,-0.2591437158011924,-0.2562418242995236,-0.2420888961425589,-0.269985203551054,-0.2325670333118197,0.9257173612799928,-0.59004067418535,0.2484437339862349,-0.2611487126553979,-0.664452867641995,0.5275224765066887,0.6600704406547209,0.2692504398746523,-0.9127421165615908,0.2674058459366092,0.9999902003562903,-0.98273301306904,-0.3852922468434945,-0.4094685473800144,0.810029916604567
11,25,0.2943814575,0.3843794219272903,-0.4001859873672167,0.0019615203221605,-0.0502589433649884,-0.2659012554357715,-0.1233644994344469,0.4131668187528443,-0.2231221218909281,0.2520415391019541,-0.2580228964037667,0.0093341944336993,-0.1029036945973555,-0.0354847092043648,-0.0486913934279209,-0.0018883791803416,0.0337952107168302,0.0129300865829608,0.011351826952909,-0.0255797639607145,-0.2075818765027551,-0.1609336522942913,0.4804728592878978,-0.1034377112716609,0.1150005553450014,0.0378550421989494,0.0371458477722161,0.0419226256040968,0.0708127191723746,0.143077076080072,0.2832584719406565,0.305523993260154,-0.2925330155011262,0.2812325117274835,0.0183800475746543,-0.0278591012347582,0.070726957540955,0.0980020006582311,0.2002726410231066,-0.1187858267102748,-0.3497351015713109,0.2060447855398495,-0.212241952005929,-0.2517823728944391,0.4342962716068018,0.0351264155672731,0.2573219503162677,0.1434367607863216,0.1899194815286251,-0.2609385604503228,-0.2588147023471807,-0.2260525199590021,-0.269985203551054,-0.2325670333118197,0.9257173612799928,-0.59004067418535,0.2484437339862349,-0.2611487126553979,-0.664452867641995,0.5275224765066887,0.6600704406547209,0.2692504398746523,-0.9127421165615908,0.2674058459366092,0.9999902003562903,-0.98273301306904,-0.3852922468434945,-0.4094685473800144,0.810029916604567
12,7,0.2887950932,0.3817468317867843,-0.3963212694673849,-0.0024060687668848,-0.0498504210617114,-0.2663819196409124,-0.1257468429643195,0.4119909511200598,-0.2171295888075398,0.2522297420862788,-0.2615734523807712,0.0115071980917369,-0.1008486965230694,-0.0333690270965416,-0.0448596144972765,-0.0028014398823355,0.032937023924232,0.0104624011966306,0.0112170354612968,-0.0212280023125767,-0.2028986406409078,-0.1587054571978705,0.4765001049167351,-0.1026875454008408,0.1124872312040033,0.0358212723976346,0.0347147185989517,0.0420803832455749,0.0675983595068844,0.1390785442754108,0.2680080221623172,0.2904286972101029,-0.288482586561327,0.2781827601197288,0.0172646136271385,-0.0387196698729895,0.0592926818421937,0.1064762819538649,0.193113131595338,-0.1147495190017485,-0.3492736589903951,0.2090958909065997,-0.21944293270058,-0.2594114026599463,0.4315340513871546,0.0363635126682385,0.2532037394758707,0.1270963027143633,0.1682854901124162,-0.2614109255815903,-0.2581463612787107,-0.2466696351311147,-0.269985203551054,-0.2325670333118197,0.9257173612799928,-0.59004067418535,0.2484437339862349,-0.2611487126553979,-0.664452867641995,0.5275224765066887,0.6600704406547209,0.2692504398746523,-0.9127421165615908,0.2674058459366092,0.9999902003562903,-0.98273301306904,-0.3852922468434945,-0.4094685473800144,0.810029916604567
13,26,0.2935187607,0.3842210566457626,-0.3985004238334588,0.0018151424629434,-0.0511378431494543,-0.2653021715471455,-0.122768826361047,0.4119584259003968,-0.2222405939490226,0.25123116044097,-0.2578704553460709,0.0094538969901444,-0.1022827689804524,-0.0346375627166736,-0.0477380519334586,-0.0025414275021224,0.0334210187015498,0.012174266820439,0.0110643830257132,-0.0243466177363676,-0.2058691190331649,-0.1602774994180581,0.4791440452044187,-0.1031640679722577,0.1141428028950382,0.0371468732843519,0.0362757079845553,0.0421786447400897,0.0697077220644,0.1420892140639444,0.2779883293643257,0.3004403658034244,-0.290945856917516,0.2803958890500756,0.0177356459039317,-0.0256897021725895,0.0711590950848506,0.0975599591328546,0.2017260760488025,-0.119258303461918,-0.3517989016226393,0.2045967075699044,-0.2124475195584073,-0.2525215182977388,0.4340454434003271,0.0342537123704077,0.2548711855065589,0.136714859244925,0.1832810542104204,-0.2658092079855503,-0.2631305030588521,-0.2278938887976537,-0.269985203551054,-0.2325670333118197,0.9257173612799928,-0.59004067418535,0.2484437339862349,-0.2611487126553979,-0.664452867641995,0.5275224765066887,0.6600704406547209,0.2692504398746523,-0.9127421165615908,0.2674058459366092,0.9999902003562903,-0.98273301306904,-0.3852922468434945,-0.4094685473800144,0.810029916604567
14,8,0.2884708589,0.3808568785497596,-0.39479740585126,-0.0032839005114439,-0.0501283600919987,-0.2661906929270652,-0.1259359175185205,0.4111761129230058,-0.2157442988280678,0.2516482252997005,-0.2622786959470801,0.0120196256835589,-0.1002353354402802,-0.0327498094835433,-0.0438807985202104,-0.0032485160910742,0.0325874415022398,0.0098216604537401,0.0111522739486457,-0.0198399934360265,-0.2013824690338567,-0.1579337486499308,0.4749575445332226,-0.1025526441286665,0.1116452586338397,0.0352539340393503,0.0339742816336695,0.0422309147990175,0.0665518849689661,0.1378371037277963,0.263099906788227,0.2856898790827041,-0.2871750642306882,0.2772194993323757,0.0168618286648167,-0.039912207439475,0.0576561771123344,0.107738027759492,0.1924415697428625,-0.1144027494141081,-0.3501019792282837,0.2090679922920838,-0.220734746900274,-0.2610338692207921,0.4309604008772479,0.0362181445126281,0.251321039799704,0.1213534152104323,0.1617223808161802,-0.2636556856390773,-0.2600880915072561,-0.2512710774711628,-0.269985203551054,-0.2325670333118197,0.9257173612799928,-0.59004067418535,0.2484437339862349,-0.2611487126553979,-0.664452867641995,0.5275224765066887,0.6600704406547209,0.2692504398746523,-0.9127421165615908,0.2674058459366092,0.9999902003562903,-0.98273301306904,-0.3852922468434945,-0.4094685473800144,0.810029916604567
15,27,0.2929886641,0.3842472426868157,-0.3967695507679676,0.0016501237561312,-0.0519604810646294,-0.2646953308371351,-0.1222171562930053,0.4106691644426119,-0.2213325373612114,0.2505311148574064,-0.2576702317420793,0.0094956967743534,-0.1016522659039881,-0.0337296200858215,-0.0467193983034267,-0.0032306938355801,0.0329929117629258,0.0114118403183718,0.0108028777315914,-0.0231188816223964,-0.2042291964675968,-0.1595761853941854,0.4777976723475551,-0.1029383793292879,0.1132775317704038,0.036498768262333,0.0354456814171898,0.0424551425926688,0.0686180221016784,0.1411035976684313,0.2727500508398116,0.2953953806624849,-0.2893989508546067,0.2795550505341206,0.0171330659328842,-0.0234849613110076,0.0716153103542903,0.0971653953927334,0.2031546690540253,-0.1196550123900095,-0.3538994785945728,0.2031610430794421,-0.2126413098157751,-0.2532390001302698,0.433793382781528,0.0334166534477243,0.2524393732040019,0.1301486702873421,0.1767931438271553,-0.2706210993885365,-0.2674594913719676,-0.2296507818561195,-0.269985203551054,-0.2325670333118197,0.9257173612799928,-0.59004067418535,0.2484437339862349,-0.2611487126553979,-0.664452867641995,0.5275224765066887,0.6600704406547209,0.2692504398746523,-0.9127421165615908,0.2674058459366092,0.9999902003562903,-0.98273301306904,-0.3852922468434945,-0.4094685473800144,0.810029916604567
16,9,0.289868539,0.3797932850957278,-0.3933617893170804,-0.0041800848228611,-0.0504206359406746,-0.2660025054280823,-0.1261157940116199,0.4103653123880417,-0.214391446946587,0.2510304932858785,-0.2630218148823673,0.0125443188301708,-0.0996247451181884,-0.0321886994312164,-0.0430029140616655,-0.0036451241827455,0.0322754855070078,0.0092409497054328,0.0110725542383526,-0.0184898405510195,-0.1999020257407856,-0.157144543898543,0.4733735098066763,-0.1024302085854526,0.1108183010304198,0.0347263425057092,0.0332663043290101,0.0423815161362007,0.065528047123204,0.1365938592667194,0.2582915577463505,0.2810315188350354,-0.2859094290361758,0.2762592459235778,0.0165035696566037,-0.0410822907979168,0.0562025949701821,0.1089357256946059,0.1918039104422594,-0.1141136502324429,-0.3509069867521732,0.2090463034757185,-0.2220224610964628,-0.2626324578167882,0.4304100863890362,0.0360588627354641,0.2494565116024325,0.1157288957549893,0.1552540802888568,-0.2658634271070188,-0.2620487131715313,-0.2558647628525922,-0.269985203551054,-0.2325670333118197,0.9257173612799928,-0.59004067418535,0.2484437339862349,-0.2611487126553979,-0.664452867641995,0.5275224765066887,0.6600704406547209,0.2692504398746523,-0.9127421165615908,0.2674058459366092,0.9999902003562903,-0.98273301306904,-0.3852922468434945,-0.4094685473800144,0.810029916604567
17,28,0.2922952956,0.3843747902065848,-0.39506122165267,0.0014822483704213,-0.0527852874084861,-0.2640606304855538,-0.121672692472774,0.4093582769802137,-0.2204488761761028,0.2498705905033756,-0.2574330524302228,0.0094891843686011,-0.101011130173151,-0.0328447708682947,-0.0457970516325717,-0.0039395911571413,0.0325826444672223,0.0106715828875533,0.0105423283710855,-0.0219243889551043,-0.2026407841051458,-0.1588343720676932,0.4764552358752369,-0.1027528327606803,0.1123939612210412,0.0358926355403502,0.0346590733346263,0.0427432278032599,0.0675474454197979,0.1401202313037245,0.2676159809440087,0.2905021230800457,-0.287882736575417,0.2787250172332898,0.0165738187753328,-0.0212268465672019,0.0721536233852917,0.0967570113196426,0.2045881308817051,-0.1199970960293417,-0.3559831994007314,0.201738208442976,-0.2128367721494772,-0.2539818409298918,0.4335457714924192,0.0326103572344852,0.2500344050222493,0.1237407475775306,0.1704696391148969,-0.2754332365165131,-0.2718463181863671,-0.2313388303928544,-0.269985203551054,-0.2325670333118197,0.9257173612799928,-0.59004067418535,0.2484437339862349,-0.2611487126553979,-0.664452867641995,0.5275224765066887,0.6600704406547209,0.2692504398746523,-0.9127421165615908,0.2674058459366092,0.9999902003562903,-0.98273301306904,-0.3852922468434945,-0.4094685473800144,0.810029916604567
18,10,0.2909604987,0.3787261731455494,-0.3918367895590768,-0.0051144987511948,-0.0506636274809777,-0.2658334333481622,-0.126328835542194,0.4094951732715967,-0.2130681498655658,0.2503404820222034,-0.263789372452686,0.0130359368654748,-0.0990196344174235,-0.0316535265656817,-0.0421481852245393,-0.0040389650017077,0.0319404847641676,0.0086863820298303,0.0110302547294052,-0.0171335023788049,-0.1984654199943808,-0.1563277317541219,0.4717333106479736,-0.1023233483418257,0.1100103956861756,0.0342178683401943,0.0325695677561042,0.0425351984626997,0.0645231905013843,0.1353546182126258,0.2535948118764811,0.2764725330074841,-0.2846800071967641,0.2752988360802492,0.0161664640681123,-0.0422475291173896,0.054868824336168,0.1100907358268283,0.1911737315544683,-0.1138679061407835,-0.3517166022775023,0.2090701040905699,-0.2233146612161259,-0.2642341441397388,0.4298638667913047,0.0359292737763064,0.2475957774592233,0.1102058875114865,0.148893451686917,-0.2681112782580092,-0.2640764802162511,-0.2604809677891862,-0.269985203551054,-0.2325670333118197,0.9257173612799928,-0.59004067418535,0.2484437339862349,-0.2611487126553979,-0.664452867641995,0.5275224765066887,0.6600704406547209,0.2692504398746523,-0.9127421165615908,0.2674058459366092,0.9999902003562903,-0.98273301306904,-0.3852922468434945,-0.4094685473800144,0.810029916604567
19,29,0.2920835522,0.3845546302680458,-0.3934167249463192,0.0013394712943694,-0.0536348077815856,-0.2633752819243083,-0.1211329737441582,0.4080439776040544,-0.219580364185831,0.2492742039341048,-0.2571864437438182,0.0094522131652854,-0.1003899476350459,-0.032022049536309,-0.0449693060029853,-0.0046291761396735,0.0322019954183341,0.0099770306475834,0.0102557447543599,-0.0207843495022885,-0.2011089018002629,-0.1580833467775095,0.4751127782624314,-0.1026033777366702,0.1114981111137062,0.0353120740186669,0.0338887564566741,0.0430495286721386,0.0664890276130491,0.139168714804087,0.262664571988513,0.2858196802516903,-0.2863929511670408,0.2778995349675951,0.0160511489723142,-0.0189355547046902,0.0727189402927249,0.0963481046313178,0.2060038394999327,-0.1202883189087735,-0.3580434076735562,0.2003193000310547,-0.2130499601453312,-0.2547426344550788,0.433289596854428,0.0318231983225409,0.2476641455070226,0.1174511733337543,0.1642369373591477,-0.2802204097425554,-0.2762609360723774,-0.2329776266572423,-0.269985203551054,-0.2325670333118197,0.9257173612799928,-0.59004067418535,0.2484437339862349,-0.2611487126553979,-0.664452867641995,0.5275224765066887,0.6600704406547209,0.2692504398746523,-0.9127421165615908,0.2674058459366092,0.9999902003562903,-0.98273301306904,-0.3852922468434945,-0.4094685473800144,0.810029916604567
20,11,0.2964030826,0.377435165283985,-0.3904127654458486,-0.0060517377042022,-0.0509432672498604,-0.2656462625287315,-0.1265432703155341,0.4086056811472277,-0.2117736298617043,0.2496315690992228,-0.2645889912541264,0.0135191598929201,-0.0984126449497479,-0.0311480710879065,-0.0413436906934697,-0.0043461552194427,0.0316758281704285,0.0081478524494332,0.0110027165053118,-0.0157880878556209,-0.1970583920183242,-0.1554875896530636,0.4700457213043378,-0.1022439861963259,0.1092115232012971,0.033738002995369,0.0318995034076767,0.0426889430238606,0.0635401236700255,0.1341146569718147,0.2490146631951929,0.2720412074931039,-0.2834869535325804,0.2743352093631418,0.0158626139206759,-0.0434579044280503,0.0536586511000765,0.1112456164180737,0.1905128289531331,-0.11363124231615,-0.3525158943393685,0.2091058631982267,-0.2246101799919717,-0.2658276241046167,0.4293269968939817,0.0358001100972708,0.2457532848928392,0.1047988386890312,0.1426294445034719,-0.2702997380173965,-0.2660951920946242,-0.2650945999287502,-0.269985203551054,-0.2325670333118197,0.9257173612799928,-0.59004067418535,0.2484437339862349,-0.2611487126553979,-0.664452867641995,0.5275224765066887,0.6600704406547209,0.2692504398746523,-0.9127421165615908,0.2674058459366092,0.9999902003562903,-0.98273301306904,-0.3852922468434945,-0.4094685473800144,0.810029916604567
21,12,0.2963392098,0.3760569373301501,-0.3888315128272552,-0.0070472564362016,-0.051149155291139,-0.2655031913951927,-0.1267706504672788,0.407653773711418,-0.2104657547990383,0.2488975943340746,-0.2654121547563566,0.0140092543116952,-0.097801233307753,-0.030674068264275,-0.0405840726435256,-0.0047517877711815,0.0313082284677072,0.0075755774922169,0.0109734489947223,-0.0144529286777526,-0.1956384455452982,-0.1546260961190077,0.4682846567931191,-0.1021806768215977,0.1084150953100099,0.033268438233396,0.0312353055860433,0.0428418015813859,0.0625617662259395,0.1328535943612227,0.2444729131707682,0.2676499105313699,-0.2823205172587591,0.2733476469569628,0.0155898428143677,-0.0445431980263129,0.0527355001784736,0.1124506728051904,0.1900019285272792,-0.1134459328108418,-0.3533462468683224,0.2091397399797019,-0.2259015474971356,-0.2673951005845005,0.4287984378471301,0.0356310846391379,0.2438847788836049,0.0993862947864616,0.1363444164907796,-0.2725316794109157,-0.2682083915494681,-0.2697993347339072,-0.269985203551054,-0.2325670333118197,0.9257173612799928,-0.59004067418535,0.2484437339862349,-0.2611487126553979,-0.664452867641995,0.5275224765066887,0.6600704406547209,0.2692504398746523,-0.9127421165615908,0.2674058459366092,0.9999902003562903,-0.98273301306904,-0.3852922468434945,-0.4094685473800144,0.810029916604567
22,30,0.2912077907,0.3848559037175474,-0.3918211302083842,0.0011446713752072,-0.0544527642962178,-0.262684426393017,-0.1206134287949814,0.4066858396599142,-0.2187904105200854,0.2487142140042866,-0.2569263460162666,0.0093336593622064,-0.0997676775919721,-0.0310731953978017,-0.0440085857099575,-0.0053372760857922,0.0317772603918099,0.0092841657660485,0.0099928945909609,-0.0196466614353709,-0.1995905570711755,-0.1572654882962852,0.4737891793710365,-0.1024820266030939,0.1106260913626094,0.0347711056819807,0.0331422235808706,0.0433782249266944,0.0655074708308364,0.1382529376872798,0.257783125872997,0.281155896605153,-0.2849423291485161,0.2770789547698201,0.0155846136484358,-0.0166771636215602,0.0732601091878075,0.0959174389926546,0.2073421609874435,-0.1205453137537768,-0.3601017432018329,0.198936468168031,-0.2132911169600726,-0.2555200700250875,0.4330732481942038,0.0311314008877969,0.2453982354943736,0.1116302259113293,0.1585587694744206,-0.2848524248439824,-0.2805870578389486,-0.2345905974338327,-0.269985203551054,-0.2325670333118197,0.9257173612799928,-0.59004067418535,0.2484437339862349,-0.2611487126553979,-0.664452867641995,0.5275224765066887,0.6600704406547209,0.2692504398746523,-0.9127421165615908,0.2674058459366092,0.9999902003562903,-0.98273301306904,-0.3852922468434945,-0.4094685473800144,0.810029916604567
23,31,0.2921336662,0.3852164999220982,-0.3902691957561663,0.0009481426792745,-0.0552883569310644,-0.2619586634748419,-0.1201068186885988,0.4052861471997132,-0.2179839155148497,0.2482981731936987,-0.2566341112060812,0.0091633112558304,-0.0991718292831197,-0.0301972928354634,-0.0431592853426505,-0.0060400507023956,0.0313724782482392,0.0086102674804765,0.0097740120505024,-0.018517236877144,-0.198117897809453,-0.1564039769467458,0.4724542592490682,-0.1023878991119845,0.1097545020968979,0.0342490796535907,0.0324035669179591,0.0437170375740468,0.0645409866179628,0.1373617038251679,0.2530557728899701,0.2766750874921054,-0.2835179267858867,0.2762723753467827,0.0151372614017669,-0.0143722522527228,0.0738673334513818,0.0955047387578998,0.2086712443684784,-0.120761350136013,-0.3621760040807439,0.1975337757152228,-0.2135270700923125,-0.2562781915905482,0.4328371940578394,0.030441733542213,0.2431451949320028,0.105864869635706,0.1529022409921031,-0.2894789344707367,-0.2849538947868197,-0.2361329588240142,-0.269985203551054,-0.2325670333118197,0.9257173612799928,-0.59004067418535,0.2484437339862349,-0.2611487126553979,-0.664452867641995,0.5275224765066887,0.6600704406547209,0.2692504398746523,-0.9127421165615908,0.2674058459366092,0.9999902003562903,-0.98273301306904,-0.3852922468434945,-0.4094685473800144,0.810029916604567
24,13,0.298485476,0.3744639636964059,-0.3874451136875018,-0.0080147498583357,-0.051430639764032,-0.265320915032021,-0.1269785684269262,0.4067202980484801,-0.2091915732113182,0.2481426933315853,-0.2662731491487142,0.0145218845350184,-0.0972133648433342,-0.0302512764458536,-0.039881214407859,-0.0051312243274015,0.0309720083601971,0.0069842982896039,0.0109623772680096,-0.0131314660933889,-0.1942442686022835,-0.1537392185875234,0.4664895285380382,-0.1021361256219232,0.1076243872517088,0.0328235672170239,0.0305952389098018,0.0429936925174067,0.0616038583340389,0.1315870621735917,0.2400332765155961,0.2633745385578443,-0.2811854368186011,0.2723901396062799,0.015332698706362,-0.0457211076260278,0.0518831573602397,0.1136235059025334,0.1894843253693393,-0.1132852755293431,-0.3541524057934782,0.2091663187442043,-0.2272099033449473,-0.2689712471482582,0.4282712430111568,0.035455650542369,0.2420236924755635,0.0940778772066873,0.1301507683402211,-0.274766467213989,-0.2703566054693409,-0.274512824773562,-0.269985203551054,-0.2325670333118197,0.9257173612799928,-0.59004067418535,0.2484437339862349,-0.2611487126553979,-0.664452867641995,0.5275224765066887,0.6600704406547209,0.2692504398746523,-0.9127421165615908,0.2674058459366092,0.9999902003562903,-0.98273301306904,-0.3852922468434945,-0.4094685473800144,0.810029916604567
25,32,0.2934172275,0.3856388566787712,-0.3887308464207874,0.0007418663167115,-0.0561001310558392,-0.2612214417493346,-0.1196118475266526,0.4038349501876407,-0.2171536651483596,0.2479942441673847,-0.2562918127263366,0.0089329167425234,-0.098568688648852,-0.0292949089816933,-0.0422666662324384,-0.0067773440262105,0.0309585355144116,0.0079356978005437,0.0095189898382864,-0.0174275707611,-0.1966764457398756,-0.1555307875100239,0.4711230350511184,-0.1022967000645165,0.1088844066636071,0.0337683048947017,0.0316962636695851,0.044060740984422,0.0635816142956672,0.1364815367138024,0.2483848858762701,0.272256990683025,-0.2821144417269799,0.2754696100045953,0.0147075145493972,-0.0120086317171142,0.074554271224486,0.0951064963076034,0.2099964430443125,-0.1209178894338804,-0.3642768804577524,0.1961181690214929,-0.213752803426943,-0.2570136381432937,0.4325792882574357,0.0297557895709908,0.2408831637092387,0.1001217795355483,0.1472850003367515,-0.2940415690286607,-0.2892837441021409,-0.2376439042275504,-0.269985203551054,-0.2325670333118197,0.9257173612799928,-0.59004067418535,0.2484437339862349,-0.2611487126553979,-0.664452867641995,0.5275224765066887,0.6600704406547209,0.2692504398746523,-0.9127421165615908,0.2674058459366092,0.9999902003562903,-0.98273301306904,-0.3852922468434945,-0.4094685473800144,0.810029916604567
26,14,0.3011447711,0.3726749612701557,-0.3861688256630765,-0.0090153342695275,-0.0517348747686836,-0.265146710048245,-0.127199151129866,0.4057471163239497,-0.2079274612680418,0.2473933185320892,-0.2671381826886583,0.0150032149042124,-0.0966328602661265,-0.0298643516597606,-0.0392225332809888,-0.0054793590815773,0.0306519488063756,0.0064008965602219,0.010917379414902,-0.011858401146497,-0.1928708144877957,-0.1528442014193142,0.4646576418103693,-0.102102310290757,0.1068483985143702,0.0323913235180613,0.0299665742572996,0.0431460333501972,0.0606652823864176,0.1303374835081676,0.2357047088608681,0.2591849884421118,-0.2800647893456106,0.271456120653899,0.0151033979476399,-0.0469536314364522,0.0511470250390568,0.1147685281395213,0.188948185344092,-0.1131389969114665,-0.354970158933908,0.2092002531762308,-0.2285041317148602,-0.2705189331574974,0.4277464252425179,0.0352871540081107,0.2401525150898419,0.0888504457074748,0.1240666622313944,-0.2769560937589055,-0.27247413711228,-0.2792455883007702,-0.269985203551054,-0.2325670333118197,0.9257173612799928,-0.59004067418535,0.2484437339862349,-0.2611487126553979,-0.664452867641995,0.5275224765066887,0.6600704406547209,0.2692504398746523,-0.9127421165615908,0.2674058459366092,0.9999902003562903,-0.98273301306904,-0.3852922468434945,-0.4094685473800144,0.810029916604567
27,33,0.2937421383,0.3860951573724083,-0.3872270241874654,0.0005538714271708,-0.0569140489922548,-0.2604448082042566,-0.1190661650627129,0.4023870336909436,-0.2163452568817608,0.2477461914455292,-0.2559324675333138,0.0086765592265551,-0.0980019627617169,-0.0284689378570582,-0.0414577705316122,-0.0075254710532158,0.0305358608866238,0.0072819209865299,0.0092760478237056,-0.0163364579677734,-0.1952690598266046,-0.1546214403036978,0.4697697667106748,-0.1022299501211336,0.1080230374706852,0.0333113539217245,0.0309997004849908,0.0444177344541511,0.0626450582237796,0.1356317055034565,0.2438299906764149,0.2679630984998274,-0.2807292917277104,0.274696540709039,0.0143258238768733,-0.0095951003795797,0.0753010692524916,0.0946989930673738,0.2113492811801834,-0.1210679524581551,-0.3663888574444855,0.1946307959298844,-0.2139440473849404,-0.2577414546722321,0.432336923018986,0.0290265375488342,0.2386221234694829,0.0944803552138368,0.1418151048291232,-0.2985956602953551,-0.2936608999918968,-0.2391113845579621,-0.269985203551054,-0.2325670333118197,0.9257173612799928,-0.59004067418535,0.2484437339862349,-0.2611487126553979,-0.664452867641995,0.5275224765066887,0.6600704406547209,0.2692504398746523,-0.9127421165615908,0.2674058459366092,0.9999902003562903,-0.98273301306904,-0.3852922468434945,-0.4094685473800144,0.810029916604567
28,15,0.3030336898,0.3709595825861904,-0.3848823941651824,-0.0100565887193485,-0.0519693871633582,-0.2649999792884845,-0.1274365084133716,0.4047305701825583,-0.2067046575822692,0.2465913024027571,-0.268036362905278,0.0154567020790737,-0.0960683125617006,-0.029531349699874,-0.0386189297291745,-0.0058630250457773,0.0303119975907855,0.0059018711236133,0.0108425693994605,-0.0106308177032641,-0.1915249934372656,-0.1519555843813478,0.4627971755757265,-0.10208199180745,0.1060864393071692,0.031971387242668,0.0293491785022056,0.043296492663154,0.0597443983657973,0.1290864625549838,0.23146948869356,0.2550898963093898,-0.2789670469787731,0.2705067825091726,0.0148845154802384,-0.0481965642381947,0.0505291869616383,0.115836747965336,0.1884298766933666,-0.1130313322502635,-0.3557775217783024,0.2092713489773422,-0.2298176464632262,-0.2720784572814841,0.4272318491541299,0.0351328275104722,0.2382942813441586,0.0837333558235717,0.1180758551834922,-0.2791329910911509,-0.2745892527878713,-0.2840318883297237,-0.269985203551054,-0.2325670333118197,0.9257173612799928,-0.59004067418535,0.2484437339862349,-0.2611487126553979,-0.664452867641995,0.5275224765066887,0.6600704406547209,0.2692504398746523,-0.9127421165615908,0.2674058459366092,0.9999902003562903,-0.98273301306904,-0.3852922468434945,-0.4094685473800144,0.810029916604567
29,34,0.2947145932,0.3866079041477913,-0.3857600669058392,0.0003730721141588,-0.0577435510554117,-0.259635184285349,-0.118551128242303,0.4009366283480548,-0.2154873563865405,0.2476443403823621,-0.2555440688251549,0.0084059631650619,-0.0974680623833079,-0.0277123147995192,-0.0407209503816303,-0.0082363920972294,0.0301381586487588,0.0066406989725666,0.0090313335443062,-0.0153077532004282,-0.1938968157806149,-0.1536968795693441,0.4684109269358472,-0.1021879969496991,0.1071543313255418,0.0328696777967811,0.0303333729834565,0.0447805339122677,0.0617185368692445,0.1348051762847551,0.2393882844512282,0.263750596662293,-0.2793675095225822,0.2739234871116978,0.0139434673116749,-0.0071859547345768,0.0760539693266276,0.0943293042101437,0.212668061967936,-0.1211519551668138,-0.368473266249638,0.1931696742282282,-0.2141181863718832,-0.2584539382907073,0.4320768256787452,0.0283187257004635,0.2363800720146822,0.0889058404002912,0.1363729897243661,-0.303092348389529,-0.298009113236248,-0.2405432866397027,-0.269985203551054,-0.2325670333118197,0.9257173612799928,-0.59004067418535,0.2484437339862349,-0.2611487126553979,-0.664452867641995,0.5275224765066887,0.6600704406547209,0.2692504398746523,-0.9127421165615908,0.2674058459366092,0.9999902003562903,-0.98273301306904,-0.3852922468434945,-0.4094685473800144,0.810029916604567
30,16,0.3065464336,0.3691814144026257,-0.3836806837634185,-0.0110892768177201,-0.0522220434904884,-0.2648377922086312,-0.1276621505825175,0.4036984191200459,-0.2055249101340505,0.2457919755453231,-0.2689713042776605,0.0158973932467928,-0.0954906807463429,-0.0292289778002784,-0.0380838846333232,-0.0061985694630985,0.0300167583978919,0.0054055614442882,0.0107574616867827,-0.0094307337352404,-0.1902064721463101,-0.1510745270692481,0.4609081448551091,-0.1020727387381408,0.1053378687564278,0.0315608045190514,0.0287514590980439,0.0434447610352023,0.058832196415109,0.1278421125523862,0.2273230104636387,0.2510708255296178,-0.2779238674731487,0.2695409506742695,0.0146851142535026,-0.0495060586217,0.0499846404298485,0.1168624439995468,0.1878729555612707,-0.1129331678437595,-0.3565605059608845,0.209372099779757,-0.231165086716547,-0.2736709402188743,0.4267383582693506,0.0349968548344837,0.2364569358297184,0.0787341217197956,0.1121755268750399,-0.2813192883695017,-0.2767594565716806,-0.2888361647714212,-0.269985203551054,-0.2325670333118197,0.9257173612799928,-0.59004067418535,0.2484437339862349,-0.2611487126553979,-0.664452867641995,0.5275224765066887,0.6600704406547209,0.2692504398746523,-0.9127421165615908,0.2674058459366092,0.9999902003562903,-0.98273301306904,-0.3852922468434945,-0.4094685473800144,0.810029916604567
31,35,0.2945120926,0.3872136421329834,-0.3842716349129846,0.0002032289489565,-0.0585295073234117,-0.2588105745782298,-0.1180428456910702,0.3994204453575829,-0.214623613963117,0.2475950096067964,-0.2550878036114168,0.0080695131266859,-0.0969291545418608,-0.0269572714072582,-0.0399931560326401,-0.0089770583094294,0.0297407033890644,0.0060029512572214,0.0087568748148377,-0.0143419248383714,-0.1925601988054958,-0.1527863662512374,0.4670574724304851,-0.1021524104247252,0.1062736594288984,0.0324126690519931,0.0296558952566677,0.0451244775545325,0.0607854292457663,0.13396878238931,0.2349876391421679,0.2596149553544084,-0.2780360384832773,0.2731447970037019,0.013563619463636,-0.0047391289985305,0.0768453274025698,0.0939657633468635,0.2139783591399703,-0.1211781670792322,-0.3706097109865653,0.1916957375820843,-0.2142540675221705,-0.259130597645213,0.4317968511780206,0.0276023245074825,0.2341331326707105,0.0833550473783584,0.1309976194317281,-0.3075256754480302,-0.3023070060425911,-0.2419045275151273,-0.269985203551054,-0.2325670333118197,0.9257173612799928,-0.59004067418535,0.2484437339862349,-0.2611487126553979,-0.664452867641995,0.5275224765066887,0.6600704406547209,0.2692504398746523,-0.9127421165615908,0.2674058459366092,0.9999902003562903,-0.98273301306904,-0.3852922468434945,-0.4094685473800144,0.810029916604567
32,17,0.3098183628,0.3672918823693176,-0.3825472168767345,-0.0121449918801261,-0.0524525535228558,-0.2646809666200506,-0.127911877992984,0.4026118920290123,-0.2043895828280669,0.244942154762137,-0.2699227203617415,0.0162990635308281,-0.0949278168470837,-0.0289990625836231,-0.0376492864102082,-0.0065096375512984,0.0297151560567965,0.0049776210893143,0.0106976554898117,-0.0082175145095974,-0.1889284890411548,-0.1501658669112869,0.4589650430875756,-0.102067400008557,0.1046162511398856,0.0311532571908727,0.0281380091621771,0.0435967474316766,0.0579408541357301,0.1266186750948175,0.2232855389861741,0.2471256915573141,-0.2769125958236702,0.2685715753418388,0.0144779120845827,-0.0508044512588085,0.0496173215347637,0.1178012057158953,0.1873527946241456,-0.112903862290388,-0.3573461741584057,0.2095039006070091,-0.2325249003058998,-0.2752670977622271,0.4262633279369347,0.034873966548059,0.234619283629316,0.0738263615195321,0.1063811433761767,-0.2835472758188696,-0.2789845345350796,-0.2936402097398942,-0.269985203551054,-0.2325670333118197,0.9257173612799928,-0.59004067418535,0.2484437339862349,-0.2611487126553979,-0.664452867641995,0.5275224765066887,0.6600704406547209,0.2692504398746523,-0.9127421165615908,0.2674058459366092,0.9999902003562903,-0.98273301306904,-0.3852922468434945,-0.4094685473800144,0.810029916604567
33,36,0.2959013983,0.3879032497877515,-0.3827758757742178,4.20799550168e-05,-0.0592925846283185,-0.2579548726838931,-0.1175746073447217,0.3978525307589348,-0.2137577046713801,0.2476013910077209,-0.2545720903854963,0.0076784859992742,-0.0964081481700569,-0.0262395076673386,-0.0393185004994734,-0.0097161466049609,0.0293668909024426,0.0053672381557057,0.008474250430321,-0.0133890609809981,-0.1912580723872164,-0.1518533424930994,0.4657019602592156,-0.1021115928729608,0.1054152321740098,0.0319645061700554,0.0289857912630702,0.0454639258215694,0.059880908188284,0.133150034352102,0.2306622797161323,0.2555288755612218,-0.2767451346668932,0.2723635499342115,0.0132083869029287,-0.0022929626137647,0.0776358480295782,0.093626634537724,0.2152549731067978,-0.1211515154987354,-0.3727684512415342,0.1902413620793738,-0.2143652381890588,-0.2597903178679704,0.4314891855353256,0.0269103530043645,0.2318848005417929,0.0778212135916456,0.1256427336545754,-0.3118799222504864,-0.3065886487576336,-0.2432288686694759,-0.269985203551054,-0.2325670333118197,0.9257173612799928,-0.59004067418535,0.2484437339862349,-0.2611487126553979,-0.664452867641995,0.5275224765066887,0.6600704406547209,0.2692504398746523,-0.9127421165615908,0.2674058459366092,0.9999902003562903,-0.98273301306904,-0.3852922468434945,-0.4094685473800144,0.810029916604567
34,18,0.3108322242,0.365276976571956,-0.3814215040168439,-0.0132207820403104,-0.0526583250188968,-0.2645491470733995,-0.1281789528456738,0.401452229534394,-0.2032815865825515,0.244077659979817,-0.2708840677582951,0.0166350670595169,-0.0943777789613406,-0.0289088728906885,-0.0374387246305182,-0.0067094333517663,0.0295090457744565,0.0046157769582355,0.0106205607469981,-0.007042500329898,-0.1876547514728707,-0.1492636813969978,0.45698088906275,-0.1020745034890782,0.1039081536754733,0.0307560500927785,0.0275435367812075,0.0437427207427868,0.0570624981660393,0.1254030916977427,0.2193437674426517,0.2432649413705496,-0.2759238016922949,0.2675983401119075,0.0142819580895352,-0.0521068271310918,0.0494147503060311,0.1186670546137077,0.1868344931461337,-0.1129055302846067,-0.3581445063709887,0.209661241596506,-0.2338876424753971,-0.2768602708747367,0.4258060854252947,0.0347490860220819,0.232809821222027,0.0690388099695588,0.1006999543604926,-0.2857845719583338,-0.2812224238965306,-0.2984288915941977,-0.269985203551054,-0.2325670333118197,0.9257173612799928,-0.59004067418535,0.2484437339862349,-0.2611487126553979,-0.664452867641995,0.5275224765066887,0.6600704406547209,0.2692504398746523,-0.9127421165615908,0.2674058459366092,0.9999902003562903,-0.98273301306904,-0.3852922468434945,-0.4094685473800144,0.810029916604567
35,37,0.2972807371,0.3886440350301673,-0.3813160679576675,-0.0001080439203109,-0.0600766186606568,-0.2570617000055433,-0.1171213659103297,0.396295774147341,-0.2128458727577397,0.2477114835426426,-0.2540400445962094,0.007276368607389,-0.0959339537947706,-0.0256579615593267,-0.0387711316615496,-0.0104299084752239,0.0290106434212808,0.004739394723986,0.008172390461689,-0.0125026342417568,-0.1899987162089525,-0.1509112420167235,0.4643509387471954,-0.1020915584034489,0.1045526639235226,0.0315368232859286,0.0283518292423333,0.0458195674394386,0.058991282480338,0.1323620371828224,0.2264881641373702,0.2515968449381492,-0.275447849890084,0.2716203534354115,0.012850909155533,0.000139351714332,0.0784190949781226,0.0933232328245024,0.2165058558500338,-0.1210681682497895,-0.3748842381108723,0.1888083259574596,-0.2145485908229649,-0.260493802778475,0.4311420280604455,0.026234201923046,0.2295930041504967,0.072152368536237,0.1201121770497422,-0.3161817309093791,-0.3108225674644616,-0.2445304160948347,-0.269985203551054,-0.2325670333118197,0.9257173612799928,-0.59004067418535,0.2484437339862349,-0.2611487126553979,-0.664452867641995,0.5275224765066887,0.6600704406547209,0.2692504398746523,-0.9127421165615908,0.2674058459366092,0.9999902003562903,-0.98273301306904,-0.3852922468434945,-0.4094685473800144,0.810029916604567
36,19,0.3139459685,0.3630788286462765,-0.3804866429646628,-0.0142733151739981,-0.0528998391128021,-0.2643786256026958,-0.1284726311673445,0.4002613869318395,-0.2021996808290472,0.2431819802832518,-0.2718766979685519,0.0169334748053068,-0.0938636818949453,-0.0289458699088302,-0.0373640882429897,-0.006796389589921,0.0294124643435086,0.0042411821049174,0.0105351307560203,-0.0058986924350846,-0.1863998734736483,-0.148351081263077,0.4549739480706685,-0.1020797610328089,0.1032253763599044,0.0303594906208294,0.0269430691777633,0.0438796718042933,0.0562103006944413,0.124192348699962,0.2154835142501575,0.2394771876024547,-0.2750020913513977,0.2665725925967663,0.0141035790505667,-0.0535130193627548,0.0492185821439925,0.1194807887638378,0.1862489444698432,-0.1129176632352903,-0.3589157657300254,0.2098629702660529,-0.2352956112897308,-0.2784988084654045,0.4253378610880128,0.0346444485384643,0.2310350563918198,0.0643744887119237,0.0951104895954488,-0.2879352500285918,-0.2834374041713058,-0.3032480497557184,-0.269985203551054,-0.2325670333118197,0.9257173612799928,-0.59004067418535,0.2484437339862349,-0.2611487126553979,-0.664452867641995,0.5275224765066887,0.6600704406547209,0.2692504398746523,-0.9127421165615908,0.2674058459366092,0.9999902003562903,-0.98273301306904,-0.3852922468434945,-0.4094685473800144,0.810029916604567
37,38,0.2984394724,0.3894501708356443,-0.379820033185785,-0.0002652611532474,-0.0608516889299898,-0.2561490927335428,-0.116688402241751,0.3946621640506206,-0.2119205052698703,0.2478896714094785,-0.2534441291611047,0.006801090578031,-0.0955022474875215,-0.0251426379037051,-0.0382743284075426,-0.0111492171645065,0.0286691272229395,0.0041490526307754,0.0078564068766172,-0.0116746991004854,-0.1887608243793643,-0.1499712956584452,0.4629972941938091,-0.1020960473771888,0.103675276408194,0.0311142168541467,0.0277262901670548,0.0461709727437393,0.0581042890322018,0.1315932055050954,0.2224357936940682,0.2478178866194545,-0.2741771285545131,0.2708813116875023,0.0125065257121976,0.0026101600959997,0.0792126257842966,0.0930147479213879,0.2177505451235363,-0.1209544894291988,-0.3770442049920126,0.1873747982968888,-0.2146901245490172,-0.2611617960134052,0.4307636807645864,0.0255769826078603,0.2272680659400786,0.066533761612465,0.1147454808719432,-0.320465508632811,-0.3150601229014502,-0.2457754719761765,-0.269985203551054,-0.2325670333118197,0.9257173612799928,-0.59004067418535,0.2484437339862349,-0.2611487126553979,-0.664452867641995,0.5275224765066887,0.6600704406547209,0.2692504398746523,-0.9127421165615908,0.2674058459366092,0.9999902003562903,-0.98273301306904,-0.3852922468434945,-0.4094685473800144,0.810029916604567
38,20,0.315493009,0.3607823734333526,-0.3796265975064159,-0.0153625728052162,-0.0531323350504333,-0.2642540030663263,-0.12874769585124,0.399026715866926,-0.2011695300683247,0.2422506666997892,-0.2728914155407297,0.0171975301466977,-0.093357643149317,-0.02904583490671,-0.0373893663830201,-0.0068582875893392,0.0293527529408513,0.0039665952351528,0.0104536855064126,-0.0047750417085559,-0.1851640272640792,-0.1474403050313335,0.4529403858545962,-0.1021146909659637,0.1025301295291835,0.0299930301754227,0.0263798660088209,0.0440129138723126,0.0553665345029093,0.1229748561140686,0.2117109220703144,0.2358017473610107,-0.2740417509835279,0.2655824574525663,0.0139260761900889,-0.05492597614158,0.0491647539947192,0.1201821808594963,0.1856877081808068,-0.112991581771739,-0.3596982299248006,0.210044731270019,-0.2366974360182965,-0.2801185561763277,0.4249023302326205,0.034497617952251,0.2292881740772008,0.059828076061391,0.0896114806465471,-0.2900424077442267,-0.2856011419471861,-0.3080868288557554,-0.269985203551054,-0.2325670333118197,0.9257173612799928,-0.59004067418535,0.2484437339862349,-0.2611487126553979,-0.664452867641995,0.5275224765066887,0.6600704406547209,0.2692504398746523,-0.9127421165615908,0.2674058459366092,0.9999902003562903,-0.98273301306904,-0.3852922468434945,-0.4094685473800144,0.810029916604567
39,39,0.299761649,0.390373272411851,-0.3782647079782397,-0.0004303018461193,-0.0615955132862513,-0.2552149991953302,-0.1162899039415458,0.3929563976472272,-0.2109813547094647,0.2481533951860554,-0.2527898516274862,0.006264655612879,-0.0950762493881286,-0.0246335281797831,-0.0377926021003757,-0.0118912102212044,0.0283035027400763,0.0035432273792011,0.0075456496644799,-0.0108689574450274,-0.187554056313511,-0.1490239509264869,0.4616343688886136,-0.1020973569363722,0.1028278644307479,0.030697131872546,0.0271143947103342,0.0465237699331471,0.0572446851419487,0.1308682785262099,0.2185209709295975,0.2441520213987128,-0.2729420513041199,0.2701328202604426,0.0121712449261718,0.0050896812728817,0.0800212604657921,0.0927259008128309,0.2189751092422879,-0.1208029289711501,-0.3792568087563969,0.1859512411355103,-0.2147734641013592,-0.2617776345052988,0.4303793845801467,0.0249465885096665,0.2249770886654978,0.0610186386334777,0.109488249316544,-0.3247176405332419,-0.3193094437128207,-0.2469876019916574,-0.269985203551054,-0.2325670333118197,0.9257173612799928,-0.59004067418535,0.2484437339862349,-0.2611487126553979,-0.664452867641995,0.5275224765066887,0.6600704406547209,0.2692504398746523,-0.9127421165615908,0.2674058459366092,0.9999902003562903,-0.98273301306904,-0.3852922468434945,-0.4094685473800144,0.810029916604567
40,40,0.3030103267,0.3913824890279936,-0.376700947870752,-0.0005768816082207,-0.0623327519222358,-0.2542359258302471,-0.1159118578858694,0.3912277469301977,-0.2100161817299321,0.2484925697830411,-0.2521047748453089,0.0057018882362328,-0.0946787676942935,-0.0241807893029777,-0.0373582425437824,-0.0126755009991638,0.0279136814415117,0.0029101116737748,0.0072320883351526,-0.0100769562839515,-0.1863689599550541,-0.1480538125826639,0.4602608728147292,-0.1020843381767604,0.1020151246044679,0.0302825068198583,0.026518088045645,0.0468672351599371,0.0564221483859435,0.1301521060563438,0.2146751139909778,0.2405202963327744,-0.2717219322573357,0.2693893318509863,0.011853776136979,0.0075765621570658,0.0808310187993231,0.0924539796431764,0.2201894830328529,-0.1206217757950879,-0.3814619564798002,0.1845510875885871,-0.2148917877450663,-0.2624007968355608,0.4299574879964856,0.024340774238279,0.222674099948487,0.0555285089993864,0.104284773187151,-0.3289253667439764,-0.3235499365019257,-0.2481581316320635,-0.269985203551054,-0.2325670333118197,0.9257173612799928,-0.59004067418535,0.2484437339862349,-0.2611487126553979,-0.664452867641995,0.5275224765066887,0.6600704406547209,0.2692504398746523,-0.9127421165615908,0.2674058459366092,0.9999902003562903,-0.98273301306904,-0.3852922468434945,-0.4094685473800144,0.810029916604567
